app_name,year,recommendation
Team fortress 2,2014,1430
Counter-strike: global offensive,2015,1352
Counter-strike: global offensive,2014,955
Team fortress 2,2013,738
Garry's mod,2014,680
Team fortress 2,2015,595
Unturned,2014,506
Rust,2014,350
Dayz,2014,333
Garry's mod,2015,311
Garry's mod,2013,306
Borderlands 2,2014,277
Loadout,2014,272
Left 4 dead 2,2014,272
Unturned,2015,254
Team fortress 2,2012,241
Terraria,2014,225
Warframe,2014,221
Left 4 dead 2,2013,219
Grand theft auto v,2015,198
Terraria,2015,184
Goat simulator,2014,179
Counter-strike: global offensive,2013,164
Rust,2015,149
Sid meier's civilization® v,2014,149
Ark: survival evolved,2015,143
Terraria,2013,142
Planetside 2,2014,135
Portal 2,2014,127
Starbound,2014,125
Warframe,2015,124
Killing floor,2014,123
Bioshock infinite,2014,120
Fallout 4,2015,120
Rocket league®,2015,119
Robocraft,2014,117
Emily is away,2015,114
No more room in hell,2014,109
Life is strange - episode 1,2015,105
Left 4 dead 2,2015,103
The forest,2014,102
Undertale,2015,101
The binding of isaac,2014,97
Counter-strike: source,2014,94
Starbound,2013,90
Trove,2015,90
Warframe,2013,89
Robocraft,2015,88
Adventure capitalist,2015,88
Killing floor 2,2015,83
Insurgency,2014,83
Castle crashers®,2014,81
Borderlands 2,2015,81
Arma 3,2014,81
Borderlands 2,2013,79
Planetside 2,2013,78
Mount & blade: warband,2014,78
Killing floor,2013,77
Dayz,2015,77
Battleblock theater®,2014,76
No more room in hell,2013,76
Saints row iv,2014,76
Heroes & generals,2015,74
Half-life 2,2014,73
Realm of the mad god,2014,73
Arma 3,2015,73
Don't starve together,2015,72
Insurgency,2015,71
Team fortress 2,2011,71
Portal 2,2015,70
Payday™ the heist,2014,69
Awesomenauts - the 2d moba,2014,69
Sid meier's civilization® v,2015,68
Orion: prelude,2014,68
Just cause 2,2014,68
Portal 2,2013,67
Fistful of frags,2014,66
The binding of isaac: rebirth,2015,64
Dayz,2013,63
Ftl: faster than light,2014,63
Super hexagon,2014,62
Kerbal space program,2014,61
Heroes & generals,2014,60
Clicker heroes,2015,60
Besiege,2015,59
Fallout: new vegas,2014,59
Chivalry: medieval warfare,2014,59
Far cry 3,2014,58
Tomb raider,2014,58
Fallout: new vegas,2015,57
Bioshock infinite,2013,56
The walking dead: season 2,2014,56
The binding of isaac: rebirth,2014,56
Call of duty®: black ops ii,2014,55
Stranded deep,2015,55
Saints row iv,2015,55
Dying light,2015,54
Saints row: the third,2014,54
Middle-earth™: shadow of mordor™,2014,53
Chivalry: medieval warfare,2013,53
Cities: skylines,2015,53
South park™: the stick of truth™,2014,52
Planetside 2,2015,51
Call of duty®: black ops iii,2015,51
Mount & blade: warband,2015,51
Hotline miami,2014,51
Starbound,2015,51
The stanley parable,2014,50
Dark souls™ ii,2014,49
Sid meier's civilization® v,2013,49
Euro truck simulator 2,2014,48
Blacklight: retribution,2014,48
The walking dead,2013,48
Counter-strike: source,2015,47
Bioshock infinite,2015,47
Risk of rain,2014,47
Five nights at freddy's,2014,46
Dishonored,2014,45
Castle crashers®,2015,44
Prison architect,2015,44
Ace of spades: battle builder,2014,44
Geometry dash,2015,44
State of decay,2014,44
Verdun,2015,43
Rust,2013,42
Battleblock theater®,2015,41
"Star wars: battlefront 2 (classic, 2005)",2014,41
The wolf among us,2014,40
Chivalry: medieval warfare,2015,40
Speedrunners,2015,40
Guns of icarus online,2014,40
Torchlight ii,2014,40
No more room in hell,2015,39
The walking dead,2014,39
Sniper elite v2,2014,39
Xcom: enemy unknown,2014,38
Just cause 2,2013,38
Saints row: the third,2013,37
Tomb raider,2015,37
Dark souls™: prepare to die™ edition,2014,37
The binding of isaac,2013,37
Gotham city impostors free to play,2014,37
Surgeon simulator,2014,37
Toribash,2014,37
Counter-strike: source,2013,36
Garry's mod,2012,36
Prison architect,2014,36
Total war™: rome ii - emperor edition,2014,36
Super hexagon,2013,36
Metal gear solid v: the phantom pain,2015,36
Half-life 2,2013,36
Terraria,2012,36
Kerbal space program,2015,36
Apb reloaded,2014,36
Game dev tycoon,2014,35
Hotline miami,2015,35
Portal,2014,35
"Papers, please",2014,35
Outlast,2014,35
Bad rats: the rats' revenge,2015,35
The escapists,2015,34
Half-life 2,2015,34
Depth,2015,34
Magicka,2014,33
Huniepop,2015,33
Just cause 2: multiplayer mod,2013,33
Cry of fear,2014,32
Goat simulator,2015,32
The forest,2015,32
Dark souls™: prepare to die™ edition,2015,32
Alien swarm,2014,32
Batman™: arkham origins,2014,32
Borderlands: the pre-sequel,2014,31
Saints row: the third,2015,31
Red orchestra 2: heroes of stalingrad with rising storm,2014,31
Killing floor,2015,31
Reign of kings,2015,31
Batman: arkham city - game of the year edition,2014,31
Banished,2014,31
Fistful of frags,2015,31
Realm of the mad god,2015,31
Airmech strike,2014,31
Tomb raider,2013,31
To the moon,2014,31
Company of heroes 2,2014,31
Saints row iv,2013,31
Tera,2015,30
Mirror's edge™,2014,30
Contagion,2014,30
Age of empires ii hd,2014,30
Call of duty®: modern warfare® 2,2014,29
Dragon ball xenoverse,2015,29
Broforce,2014,29
Left 4 dead 2,2012,29
Dc universe™ online,2014,29
Awesomenauts - the 2d moba,2013,29
Orion: prelude,2015,29
Magicite,2014,29
Risk of rain,2015,28
Gunpoint,2014,28
Brawlhalla,2015,28
Hitman: absolution™,2014,28
Kerbal space program,2013,28
Skullgirls,2015,28
Bioshock™,2014,28
Broforce,2015,28
Just cause™ 3,2015,28
Five nights at freddy's 2,2014,27
Batman™: arkham knight,2015,27
Euro truck simulator 2,2015,27
The beginner's guide,2015,27
Sanctum 2,2014,27
Borderlands: the pre-sequel,2015,27
Monaco: what's yours is mine,2014,27
Arma 2: operation arrowhead,2014,27
Dungeon defenders ii,2015,26
Project zomboid,2014,26
Fallout 3: game of the year edition,2015,26
Bastion,2014,26
Portal 2,2012,26
Gunz 2: the second duel,2014,26
Postal 2,2015,26
Just cause 2,2015,26
The expendabros,2014,25
Nether: resurrected,2014,25
Age of empires ii hd,2015,25
The walking dead: season 2,2013,25
Five nights at freddy's 2,2015,25
Smite®,2015,25
Ftl: faster than light,2013,24
Payday™ the heist,2013,24
Just cause 2: multiplayer mod,2014,24
Far cry 3,2013,24
Dishonored,2015,24
Mad max,2015,24
Speedrunners,2014,24
Portal 2,2011,24
Postal 2,2014,24
Octodad: dadliest catch,2014,24
Verdun,2014,24
Estranged: act i,2014,24
Tales from the borderlands,2015,24
Call of duty®: ghosts,2014,24
Plague inc: evolved,2014,23
Dishonored,2013,23
Double action: boogaloo,2015,23
Middle-earth™: shadow of mordor™,2015,23
Natural selection 2,2014,23
Blacklight: retribution,2013,23
Blockade 3d,2015,23
"Star wars: battlefront 2 (classic, 2005)",2015,23
Spec ops: the line,2015,23
Spec ops: the line,2014,23
Skullgirls,2014,23
Mount & blade: warband,2013,23
Surgeon simulator,2013,23
Super crate box,2014,23
Five nights at freddy's 3,2015,23
The way of life free edition,2015,23
Ace of spades: battle builder,2013,23
One finger death punch,2014,22
Evolve stage 2,2015,22
Payday™ the heist,2015,22
Toribash,2015,22
Apb reloaded,2015,22
The stanley parable,2013,22
Cry of fear,2013,22
Xcom: enemy unknown,2015,22
Hyperdimension neptunia re;birth1 / 超次次元ゲイム ネプテューヌre;birth1 / 超次次元遊戲戰機少女重生1,2015,22
Brothers - a tale of two sons,2014,22
Ftl: faster than light,2015,22
Arma 3,2013,22
Dust: an elysian tail,2014,22
This war of mine,2015,21
Warface,2014,21
Dark souls™: prepare to die™ edition,2013,21
Wolfenstein: the new order,2014,21
Defiance,2014,21
Red orchestra 2: heroes of stalingrad with rising storm,2013,21
Five nights at freddy's,2015,21
Cry of fear,2015,21
Half-life,2014,21
Realm of the mad god,2013,20
Lego® marvel™ super heroes,2014,20
Awesomenauts - the 2d moba,2015,20
Yet another zombie defense,2014,20
Spore™,2014,20
Scribblenauts unlimited,2014,20
Naruto shippuden: ultimate ninja storm 3 full burst hd,2014,20
Rogue legacy,2014,20
Terraria,2011,20
Torchlight ii,2013,20
Game dev tycoon,2013,20
Batman: arkham city - game of the year edition,2013,20
Transistor,2014,20
Fallout: new vegas,2013,19
Blacklight: retribution,2015,19
Burnout paradise: the ultimate box,2014,19
Call of duty®: modern warfare® 2,2015,19
Castle crashers®,2013,19
Call of duty®: advanced warfare - gold edition,2015,19
Transformice,2015,19
Sonic & all-stars racing transformed,2013,19
Hotline miami,2013,19
Europa universalis iv,2014,19
Spintires™,2014,19
Counter-strike,2014,19
Max payne 3,2014,19
Company of heroes 2,2015,19
Watch_dogs™,2014,19
Crusader kings ii,2014,19
Arma 2: operation arrowhead,2013,19
Bad rats: the rats' revenge,2014,18
Alien: isolation,2014,18
Red orchestra 2: heroes of stalingrad with rising storm,2015,18
The elder scrolls® online: tamriel unlimited™,2015,18
Counter-strike: global offensive,2012,18
World of guns: gun disassembly,2014,18
Call of duty®: advanced warfare - gold edition,2014,18
Battlefield: bad company™ 2,2014,18
Guns of icarus online,2015,18
Nuclear throne,2015,18
The witcher 2: assassins of kings enhanced edition,2014,18
Double action: boogaloo,2014,18
Town of salem,2015,18
Apb reloaded,2013,18
Metal gear rising: revengeance,2014,18
South park™: the stick of truth™,2015,18
Gotham city impostors free to play,2013,17
Counter-strike,2015,17
Gone home,2014,17
Xcom: enemy unknown,2013,17
Thehunter classic,2014,17
Hitman: absolution™,2015,17
Turbo dismount™,2014,17
Portal,2013,17
Dino d-day,2014,17
Five nights at freddy's 4,2015,17
Alien: isolation,2015,17
Alien swarm,2013,17
Garry's mod,2011,17
The long dark,2015,17
Portal stories: mel,2015,16
The binding of isaac,2015,16
Dino d-day,2013,16
Tribes: ascend,2013,16
Tribes: ascend,2014,16
Fez,2014,16
Assassin's creed 2 deluxe edition,2014,16
Borderlands 2,2012,16
Neverwinter,2013,16
Next car game: wreckfest,2014,16
Killing floor,2011,16
Batman: arkham city - game of the year edition,2015,16
Dead realm,2015,16
Realm of the mad god,2012,16
Don't starve together,2014,16
Bastion,2013,16
Far cry 3,2015,16
Game dev tycoon,2015,16
Call of duty: world at war,2015,15
Deus ex: human revolution - director's cut,2014,15
Star conflict,2014,15
Call of juarez® gunslinger,2014,15
Mortal kombat x,2015,15
Total war™: rome ii - emperor edition,2013,15
Portal,2015,15
Outlast,2015,15
Natural selection 2,2013,15
Antichamber,2013,15
Risk of rain,2013,15
Europa universalis iv,2015,15
Darkest dungeon®,2015,15
Amnesia: the dark descent,2014,15
Call of duty®: black ops ii,2015,15
Antichamber,2014,15
Total war: attila,2015,15
Planetside 2,2012,15
Bioshock™,2015,15
Counter-strike: source,2012,15
Half-life,2015,15
Assassin’s creed® iv black flag™,2014,15
Assassin's creed® unity,2014,15
Loadout,2015,15
Thinking with time machine,2014,15
Spec ops: the line,2013,15
Mark of the ninja,2014,15
Arma 2: operation arrowhead,2015,15
Far cry® 4,2015,15
Grand theft auto: san andreas,2014,14
Magicka,2013,14
Thief,2014,14
Age of empires ii hd,2013,14
Squishy the suicidal pig,2015,14
Magicka,2015,14
Assassin’s creed® iv black flag™,2013,14
Transistor,2015,14
Call of duty: world at war,2014,14
Block n load,2015,14
Age of empires® iii: complete collection,2014,14
Saints row 2,2014,14
Soldier front 2,2014,14
Thomas was alone,2014,14
Quake live™,2014,14
Notgtav,2015,14
Just cause 2: multiplayer mod,2015,14
Archeblade™,2014,14
Fallout 3: game of the year edition,2014,14
Neverwinter,2014,14
Ratz instagib,2015,14
Tales from the borderlands,2014,14
Strike vector,2014,13
Black mesa,2015,13
Mafia ii,2014,13
Mafia ii,2015,13
Dead rising 3 apocalypse edition,2014,13
Batman™: arkham origins,2015,13
One finger death punch,2015,13
Zombie panic! source,2014,13
Rwby: grimm eclipse,2015,13
Total war™: rome ii - emperor edition,2015,13
Minecraft: story mode - a telltale games series,2015,13
Sins of a solar empire®: rebellion,2014,13
Pixel piracy,2014,13
Trine 2: complete story,2014,13
Metro: last light redux,2015,13
Dungeon defenders,2014,13
Yet another zombie defense,2015,13
Gotham city impostors free to play,2015,13
Wolfenstein: the new order,2015,13
Mountain,2015,13
Dark souls™ ii: scholar of the first sin,2015,13
Shower with your dad simulator 2015: do you still shower with your dad,2015,13
Interstellar marines,2015,13
Halo: spartan assault,2014,13
"Papers, please",2013,13
Democracy 3,2014,13
Metal slug 3,2014,13
Crusader kings ii,2015,13
The expendabros,2015,12
Valiant hearts: the great war™ / soldats inconnus : mémoires de la grande guerre™,2014,12
Call of duty®: ghosts,2013,12
Divinity: original sin (classic),2014,12
Game of thrones - a telltale games series,2015,12
Call of duty®: black ops ii,2013,12
Neverwinter,2015,12
Orcs must die! 2,2014,12
Far cry® 4,2014,12
Sid meier's civilization®: beyond earth™,2015,12
Super hexagon,2015,12
Spooky's jump scare mansion,2015,12
The sims™ 3,2014,12
The wolf among us,2013,12
Napoleon: total war™,2014,12
Batman™: arkham origins,2013,12
Gunpoint,2015,12
Airmech strike,2013,12
The walking dead,2015,12
You have to win the game,2014,12
Bully: scholarship edition,2014,12
Rogue legacy,2013,12
This war of mine,2014,12
Blacklight: retribution,2012,12
Eternal senia,2015,12
Jazzpunk: director's cut,2014,12
Warhammer: end times - vermintide,2015,12
Brutal legend,2014,12
State of decay,2013,12
Half-life 2,2012,12
"Dr. langeskov, the tiger, and the terribly cursed emerald: a whirlwind heist",2015,12
How to survive,2015,12
The walking dead,2012,12
Thehunter classic,2015,12
How to survive,2014,12
Hurtworld,2015,12
Rise of nations: extended edition,2014,12
The long dark,2014,11
Empire: total war™,2014,11
Star conflict,2015,11
Mount & blade: warband,2012,11
Arma ii: dayz mod,2014,11
To the moon,2015,11
Saints row: gat out of hell,2015,11
Ace of spades: battle builder,2015,11
King arthur's gold,2014,11
Tom clancy’s splinter cell blacklist,2014,11
Tropico 4,2014,11
Evolve stage 2,2014,11
Dc universe™ online,2013,11
Counter-strike nexon: zombies,2015,11
Airmech strike,2015,11
Company of heroes 2,2013,11
Batman: arkham asylum game of the year edition,2015,11
Banished,2015,11
Orcs must die! 2,2013,11
Hotline miami 2: wrong number,2015,11
Mountain,2014,11
The stanley parable,2015,11
Depth,2014,11
Interstellar marines,2014,11
Sid meier's civilization®: beyond earth™,2014,11
Fractured space,2015,11
The ship: murder party,2014,11
Torchlight ii,2015,11
Call of juarez® gunslinger,2015,11
Warface,2015,11
Star trek online,2014,11
8bitmmo,2013,11
Deadlight,2014,11
Boring man - online tactical stickman combat,2015,11
Without within,2015,10
Plague inc: evolved,2015,10
Call of duty®: modern warfare® 2,2013,10
Team fortress 2,2010,10
Fallen earth free2play,2014,10
Limbo,2013,10
Far cry 3 - blood dragon,2014,10
Hitman: absolution™,2013,10
Portal,2011,10
Kingdom rush,2014,10
Fishing planet,2015,10
Left 4 dead,2014,10
Carpe diem,2015,10
Lethal league,2014,10
Dc universe™ online,2015,10
Dwarfs - f2p,2014,10
Gunpoint,2013,10
Gear up,2015,10
Dino d-day,2015,10
The lord of the rings online™,2014,10
Zombie panic! source,2013,10
Little inferno,2013,10
Broken age,2014,10
Arma 2: operation arrowhead,2012,10
Grid 2,2014,10
Narcissu 1st & 2nd,2014,10
Call of duty®: black ops,2014,10
Fallout 3,2015,10
Archeblade™,2015,10
Outlast,2013,10
Fallout 3,2014,10
Killing floor,2012,10
The walking dead: season 2,2015,10
Rift,2014,10
Overgrowth,2014,10
Super mnc,2013,10
Borderlands,2014,10
Rift,2013,10
Pac-man™ championship edition dx+,2014,10
"Sir, you are being hunted",2014,9
Sniper elite v2,2015,9
Bastion,2015,9
Survival: postapocalypse now,2015,9
Bastion,2012,9
Red crucible®: firestorm,2015,9
Medieval engineers,2015,9
Mitos.is: the game,2015,9
Mirror's edge™,2015,9
Empire: total war™,2015,9
Zombie army trilogy,2015,9
Grand theft auto: san andreas,2015,9
Endless legend™,2014,9
Alien swarm,2015,9
Guacamelee! gold edition,2014,9
Receiver,2014,9
Metal gear solid v: ground zeroes,2015,9
Sanctum,2014,9
Metal gear solid v: ground zeroes,2014,9
Alien swarm,2012,9
Tom clancy's rainbow six® siege,2015,9
Mirror's edge™,2013,9
Viridi,2015,9
Everlasting summer,2014,9
Mount your friends,2015,9
"Papers, please",2015,9
Vindictus,2015,9
Tribes: ascend,2015,9
8bitmmo,2014,9
Dungeon defenders,2013,9
Defiance,2013,9
King arthur's gold,2013,9
Poker night 2,2014,9
Shadow warrior,2014,9
Bioshock™,2013,9
Spintires™,2015,9
Final fantasy vii,2014,9
Soldier front 2,2013,9
Nidhogg,2014,9
The escapists,2014,9
Dlc quest,2013,9
Mafia ii,2013,9
"Star wars: battlefront 2 (classic, 2005)",2013,9
Ultra street fighter® iv,2014,9
Valiant hearts: the great war™ / soldats inconnus : mémoires de la grande guerre™,2015,9
Little inferno,2014,9
Dlc quest,2014,9
Blockland,2014,9
Dragon nest,2015,9
Magicite,2015,9
Euro truck simulator 2,2013,9
Mortal kombat komplete edition,2014,9
Murder miners,2015,9
The binding of isaac,2012,9
Mini metro,2015,9
Primal carnage,2014,8
Survarium,2015,8
Jazzpunk: director's cut,2015,8
Sonic & all-stars racing transformed,2014,8
Arma ii: dayz mod,2013,8
Loadout,2013,8
How do you do it?,2015,8
Wargame: red dragon,2014,8
The witcher: enhanced edition director's cut,2014,8
Fallout 3: game of the year edition,2013,8
Vindictus,2014,8
Call of duty: world at war,2013,8
Call of duty®: black ops,2015,8
Crysis 2 - maximum edition,2014,8
Empire: total war™,2013,8
Super mnc,2014,8
Dark souls™ ii,2015,8
I am bread,2015,8
Thehunter: primal,2015,8
Borderlands,2013,8
Half-life,2013,8
Elsword,2015,8
Long live the queen,2014,8
Portal,2012,8
The elder scrolls iv: oblivion® game of the year edition,2014,8
Oddworld: abe's oddysee®,2014,8
Life is feudal: your own,2014,8
Just cause 2,2012,8
Guns of icarus online,2013,8
Mirror's edge™,2012,8
Lego® worlds,2015,8
Mortal kombat komplete edition,2015,8
Lego® marvel™ super heroes,2015,8
Batman: arkham asylum game of the year edition,2013,8
Nether: resurrected,2015,8
Age of empires® iii: complete collection,2015,8
Warmode,2015,8
Medieval ii: total war™,2015,8
Gang beasts,2015,8
Farming simulator 15,2014,8
Codename cure,2015,8
Neo scavenger,2014,8
Saints row 2,2015,8
Bit.trip presents... runner2: future legend of rhythm alien,2014,8
Hammerwatch,2014,8
Men of war: assault squad 2,2015,8
Farming simulator 2013 titanium edition,2013,8
Sniper elite 3,2015,8
The static speaks my name,2015,8
Shovel knight: treasure trove,2014,8
Trine 2: complete story,2013,8
Dragon age: origins - ultimate edition,2014,8
From the depths,2015,8
Blade symphony,2014,8
Rogue legacy,2015,8
Assassin’s creed® iii,2013,8
Sanctum 2,2015,8
Max gentlemen,2014,8
The witcher: enhanced edition director's cut,2015,7
Elsword,2014,7
Monaco: what's yours is mine,2013,7
The wolf among us,2015,7
Max payne 3,2013,7
Train simulator,2015,7
Alan wake,2014,7
Alan wake,2013,7
Super crate box,2013,7
Sniper elite 3,2014,7
Sniper elite: nazi zombie army,2013,7
Dead space,2013,7
Lyne,2015,7
Savage lands,2015,7
Left 4 dead,2013,7
Fable - the lost chapters,2014,7
Red faction guerrilla steam edition,2015,7
Bastion,2011,7
Lego® marvel™ super heroes,2013,7
Dust: an elysian tail,2015,7
Battlefield: bad company™ 2,2015,7
Company of heroes - legacy edition,2014,7
Beamng.drive,2015,7
Fez,2015,7
Wargame: airland battle,2013,7
Facerig,2014,7
Watch_dogs™,2015,7
Strife®,2015,7
Lethal league,2015,7
Nidhogg,2015,7
Magic duels,2015,7
Star wars™ republic commando™,2015,7
Shadow warrior,2013,7
Lichdom: battlemage,2014,7
Hatoful boyfriend,2015,7
Bit.trip runner,2014,7
Little inferno,2015,7
"Warhammer® 40,000: dawn of war® - dark crusade",2014,7
Gone home,2013,7
State of decay,2015,7
Child of light,2014,7
Poker night 2,2013,7
Quake live™,2015,7
Turbo pug,2015,7
Project zomboid,2013,7
Mount your friends,2014,7
Ftl: faster than light,2012,7
Tribes: ascend,2012,7
Left 4 dead 2,2011,7
Electronic super joy,2014,7
Crypt of the necrodancer,2015,7
Deus ex: game of the year edition,2014,7
Grand theft auto: vice city,2015,7
Reus,2013,7
Star wars™ - knights of the old republic™,2015,7
Evoland,2014,7
Grand theft auto: vice city,2014,7
Call of duty®: modern warfare® 2,2012,7
Vvvvvv,2014,7
Brothers - a tale of two sons,2015,7
Homeworld remastered collection,2015,7
Borderlands,2012,7
Shovel knight: treasure trove,2015,7
Star wars™ jedi knight - jedi academy™,2014,7
Counter-strike,2013,7
The swapper,2014,7
Counter-strike nexon: zombies,2014,7
Assassin's creed 2 deluxe edition,2015,7
Sonic & all-stars racing transformed,2015,7
Maplestory,2013,7
The talos principle,2015,7
Maplestory,2014,7
Counter-strike: source,2011,7
Final fantasy vii,2015,6
Dragons and titans,2014,6
Dragon nest,2014,6
Metal gear rising: revengeance,2015,6
Dmc: devil may cry,2015,6
Dmc: devil may cry,2013,6
Dlc quest,2015,6
Naruto shippuden: ultimate ninja storm revolution,2014,6
Men of war: assault squad,2014,6
Squad,2015,6
Duck game,2015,6
Speedrunners,2013,6
Electronic super joy,2013,6
Soma,2015,6
Medieval ii: total war™,2014,6
Deus ex: human revolution - director's cut,2015,6
Dev guy,2015,6
Echoes+,2015,6
Killing floor,2010,6
Fable anniversary,2014,6
Dust: an elysian tail,2013,6
Defy gravity extended,2014,6
Dishonored,2012,6
Snow,2015,6
Final fantasy vii,2013,6
Dungeon defenders,2012,6
Naruto shippuden: ultimate ninja storm 3 full burst hd,2015,6
Monaco: what's yours is mine,2015,6
Skullgirls,2013,6
Beat hazard,2014,6
Resident evil revelations 2 / biohazard revelations 2,2015,6
Bioshock® 2,2015,6
Payday™ the heist,2012,6
Game of thrones - a telltale games series,2014,6
Antichamber,2015,6
Limbo,2014,6
Anarchy arcade,2014,6
Left 4 dead,2012,6
Amnesia: the dark descent,2015,6
Amnesia: the dark descent,2013,6
Stronghold kingdoms,2014,6
Frozen synapse,2014,6
Injustice: gods among us ultimate edition,2014,6
Crusader kings ii,2013,6
Always sometimes monsters,2014,6
The darkness ii,2015,6
Assassin’s creed® brotherhood,2014,6
Aliens vs. predator™,2014,6
Assassin’s creed® iii,2014,6
Polarity,2015,6
Valkyria chronicles™,2015,6
The elder scrolls iii: morrowind® game of the year edition,2015,6
Poker night 2,2015,6
Plug & play,2015,6
Grand theft auto: san andreas,2013,6
Batman: arkham asylum game of the year edition,2014,6
Gone home,2015,6
The elder scrolls iv: oblivion® game of the year edition,2015,6
Hitman: blood money,2015,6
Audiosurf 2,2014,6
Go! go! nippon! ~my first trip to japan~,2015,6
Call of juarez® gunslinger,2013,6
Call of duty®: ghosts,2015,6
Postal 2,2013,6
Surgeon simulator,2015,6
Caster,2015,6
Pac-man™ championship edition dx+,2015,6
Rome: total war™ - collection,2015,6
Half-life 2: episode one,2015,6
Starwhal,2014,6
Blockstorm,2015,6
Super mnc,2015,6
Day of defeat: source,2014,6
Freestyle 2: street basketball,2015,6
Dead bits,2015,6
Only if,2014,6
Day of defeat: source,2013,6
Day of defeat: source,2012,6
The crew™,2014,6
Toxikk™,2015,6
Bloons td 5,2015,6
Alan wake,2012,6
Out there somewhere,2015,6
Robot roller-derby disco dodgeball,2015,6
Mass effect,2014,6
Borderlands,2015,6
A bird story,2014,6
Kung fury: street rage,2015,6
Burnout paradise: the ultimate box,2013,6
Sleeping dogs: definitive edition,2015,6
Half-life 2: episode two,2014,6
Shadow warrior,2015,6
King arthur's gold,2015,6
Raceroom racing experience,2013,5
Battle islands,2014,5
Borderlands,2011,5
Thomas was alone,2013,5
Half-life 2,2011,5
Half minute hero: super mega neo climax ultimate boy,2014,5
Hearts of iron iii,2014,5
Screencheat,2014,5
Beat hazard,2015,5
Scribblenauts unlimited,2013,5
Dungeonland,2013,5
Bioshock® 2,2014,5
Duke nukem forever,2014,5
Fallen earth free2play,2013,5
"Warhammer® 40,000: dawn of war® - soulstorm",2015,5
Dungeon of the endless™,2015,5
Fallout 2: a post nuclear role playing game,2015,5
Spore™,2015,5
Dungeon defenders,2015,5
Team fortress classic,2015,5
Half-life 2: episode two,2015,5
Blazblue: calamity trigger,2014,5
Psychonauts,2014,5
Sanctum 2,2013,5
Red orchestra 2: heroes of stalingrad with rising storm,2012,5
Kingdoms of amalur: reckoning™,2015,5
L.a. noire,2013,5
Endless legend™,2015,5
Endless sky,2015,5
Super amazing wagon adventure,2014,5
Akiba's trip: undead ＆ undressed,2015,5
Supreme commander: forged alliance,2014,5
Rocket league® - back to the future™ car pack,2015,5
Supreme commander 2,2014,5
Kingdoms of amalur: reckoning™,2014,5
Woodle tree adventures,2015,5
Epic battle fantasy 4,2014,5
Absolute drift,2015,5
Eryi's action,2014,5
Rome: total war™ - collection,2013,5
The witcher 2: assassins of kings enhanced edition,2013,5
Super mnc,2012,5
Royal quest,2014,5
Ziggurat,2014,5
Anarchy arcade,2015,5
Angry video game nerd adventures,2014,5
Saints row: the third,2012,5
Retro city rampage™ dx,2014,5
Sc2vn - the esports visual novel,2015,5
World of guns: gun disassembly,2015,5
Awesomenauts - the 2d moba,2012,5
Audiosurf 2,2013,5
Relic hunters zero,2015,5
Assassin’s creed® rogue,2015,5
Talisman: digital edition,2015,5
E.y.e: divine cybermancy,2014,5
Mount & blade: warband - viking conquest reforged edition,2014,5
Hacknet,2015,5
Executive assault,2015,5
Assassin's creed® unity,2015,5
Tales of zestiria,2015,5
Resident evil 6 / biohazard 6,2015,5
Edge of space,2014,5
I am bread,2014,5
Archeage,2015,5
Narcissu 1st & 2nd,2015,5
Valkyria chronicles™,2014,5
The bureau: xcom declassified,2014,5
Magicka,2011,5
Commander cool 2,2015,5
Far cry® 2: fortune's edition,2014,5
Command & conquer: red alert 3,2015,5
Star wars™ knights of the old republic™ ii - the sith lords™,2015,5
Nyan cat: lost in space,2015,5
"Pirates, vikings, and knights ii",2014,5
Go! go! nippon! ~my first trip to japan~,2014,5
Next car game: wreckfest,2015,5
Pixel piracy,2015,5
Orcs must die! 2,2015,5
Train simulator,2014,5
Unturned - permanent gold upgrade,2015,5
Orcs must die! 2,2012,5
The elder scrolls iii: morrowind® game of the year edition,2014,5
Far cry 3 - blood dragon,2013,5
Gauntlet™ slayer edition,2014,5
Final fantasy® xiii,2014,5
Day of defeat: source,2015,5
Company of heroes - legacy edition,2013,5
Trine 2: complete story,2015,5
Fez,2013,5
Maplestory,2015,5
Farsky,2014,5
Farming simulator 2013 titanium edition,2014,5
Star wars™ jedi knight - jedi academy™,2015,5
Tropico 4,2015,5
Dg2: defense grid 2,2014,5
Star wars™ - knights of the old republic™,2014,5
Tropico 5,2014,5
Tropico 5,2015,5
Gang beasts,2014,5
"Cook, serve, delicious!",2014,5
Mass effect 2,2013,5
Contrast,2014,5
Card hunter,2015,5
Slender: the arrival,2014,5
Victoria ii,2014,5
Natural selection 2,2015,5
Max payne 3,2015,5
Trackmania² stadium,2013,5
Mcpixel,2013,5
Voices from the sea,2015,5
Mcpixel,2014,5
Burnout paradise: the ultimate box,2015,5
Grim dawn,2015,5
Luftrausers,2014,5
Starmade,2015,5
Brothers - a tale of two sons,2013,5
Proteus,2014,5
Prototype™,2014,5
Wargame: airland battle,2014,5
Psychonauts,2013,5
Villagers and heroes,2014,5
Oddworld: abe's oddysee®,2015,5
Door kickers,2014,5
The darkness ii,2014,5
Final fantasy type-0™ hd,2015,5
Orbital gear,2015,5
Nether: resurrected,2013,5
Call of duty®: black ops,2011,5
Call of duty® 4: modern warfare®,2014,5
Grav,2015,5
Paint the town red,2015,5
Defiance,2015,5
Primal carnage,2013,5
Fallout: new vegas,2012,5
Knights of pen and paper +1 edition,2014,4
Just cause 2,2011,4
Mass effect 2,2014,4
Medal of honor™,2013,4
Frozen free fall: snowball fight,2015,4
Supreme commander 2,2015,4
L.a. noire,2015,4
Infinity wars: animated trading card game,2014,4
Insurgency,2013,4
Star trek online,2015,4
The lego® movie - videogame,2015,4
Medal of honor: airborne,2014,4
Final fantasy viii,2014,4
Freedom planet,2014,4
Max payne 3,2012,4
Mass effect,2013,4
The lord of the rings online™,2015,4
Super crate box,2015,4
Everlasting summer,2015,4
Talisman: digital edition,2014,4
Lambda wars beta,2014,4
Stonehearth,2015,4
Strike suit zero,2013,4
Hero siege,2015,4
Hero siege,2014,4
Terratech,2015,4
The banner saga,2014,4
Grid 2,2013,4
Hand of fate,2015,4
Microsoft flight simulator x: steam edition,2014,4
Stronghold kingdoms,2013,4
Halo: spartan assault,2015,4
Grid autosport,2015,4
The collider,2015,4
Lost planet® 3,2014,4
Lord of the rings: war in the north,2013,4
Half-life 2: deathmatch,2013,4
The ship: murder party,2015,4
Teleglitch: die more edition,2014,4
Grand theft auto: episodes from liberty city,2014,4
Team fortress classic,2014,4
The old tree,2015,4
Mark of the ninja,2015,4
The typing of the dead: overkill,2014,4
Galactic civilizations iii,2015,4
If my heart had wings,2015,4
Modular combat,2015,4
Ibb & obb,2015,4
Farming simulator 15,2015,4
Hyperdimension neptunia re;birth2: sisters generation / 超次次元ゲイム ネプテューヌre;birth2,2015,4
Human resource machine,2015,4
The fall,2015,4
Geometry wars: retro evolved,2014,4
Hook,2015,4
Magic 2014 — duels of the planeswalkers,2014,4
God mode,2014,4
Gotham city impostors free to play,2012,4
Final fantasy xiv online,2015,4
The incredible adventures of van helsing,2013,4
Recettear: an item shop's tale,2015,4
Archeage,2014,4
Ace combat assault horizon - enhanced edition,2014,4
Alien swarm,2010,4
Divinity: original sin (classic),2015,4
Dmc: devil may cry,2014,4
Serious sam 2,2014,4
Archeblade™,2013,4
Don't starve: shipwrecked,2015,4
Alien swarm,2011,4
"Warhammer 40,000: dawn of war ii",2014,4
Champions of regnum,2014,4
Rollercoaster tycoon® 3: platinum,2015,4
Urban trial freestyle,2014,4
Sonic generations collection,2015,4
Need for speed: hot pursuit,2014,4
Alpha protocol™,2015,4
Door kickers,2015,4
Plants vs. zombies goty edition,2015,4
Ryse: son of rome,2015,4
Seduce me the otome,2015,4
Rome: total war™ - collection,2014,4
Chivalry: medieval warfare,2012,4
Dragon nest,2013,4
Overgrowth,2015,4
Naruto shippuden: ultimate ninja storm revolution,2015,4
Trials evolution: gold edition,2014,4
Primal carnage,2015,4
Aliens vs. predator™,2015,4
Raceroom racing experience,2014,4
Damned,2015,4
Wargame: red dragon,2015,4
Dinosaur hunt,2015,4
Salt,2015,4
Age of empires® iii: complete collection,2013,4
Resident evil 6 / biohazard 6,2014,4
Shelter,2014,4
Primal carnage: extinction,2015,4
Arma: cold war assault,2014,4
Worms reloaded,2015,4
Call of duty® 4: modern warfare®,2015,4
Oddworld: new 'n' tasty,2015,4
Torchlight,2013,4
Snow,2014,4
You have to win the game,2015,4
Resident evil 4 / biohazard 4,2014,4
Prison architect,2013,4
Bully: scholarship edition,2015,4
Bully: scholarship edition,2013,4
Tom clancy’s splinter cell blacklist,2015,4
Nuclear throne,2014,4
Soldier front 2,2015,4
Shoppe keep,2015,4
Wakfu,2014,4
Call to arms,2015,4
Dead bits,2014,4
Castle crashers - blacksmith pack,2015,4
Devil may cry 4,2014,4
Dc universe™ online,2012,4
Remember me,2014,4
Project zomboid,2015,4
World of soccer online,2015,4
Remember me,2013,4
Deadlight,2013,4
Dungeons of dredmor,2014,4
Rage,2014,4
Dynasty warriors 8: xtreme legends complete edition / 真・三國無双７ with 猛将伝,2014,4
Beat hazard,2013,4
Westerado: double barreled,2015,4
Waveform,2015,4
Pid,2014,4
Wolfenstein: the old blood,2015,4
Bad rats: the rats' revenge,2013,4
Counter-strike: condition zero,2015,4
Saints row 2,2011,4
Ultimate doom,2015,4
140,2014,4
Zombie panic! source,2012,4
Echo of soul,2015,4
Elsword,2013,4
Rake,2015,4
Simply chess,2015,4
Dwarfs - f2p,2013,4
Endless space® - collection,2014,4
Rpg maker vx ace,2014,4
Recettear: an item shop's tale,2014,4
The witcher 2: assassins of kings enhanced edition,2015,4
Running with rifles,2015,4
Crysis,2014,4
Company of heroes - legacy edition,2015,4
Dungeon of the endless™,2014,4
Crypt of the necrodancer,2014,4
Bleed,2014,4
Among the sleep - enhanced edition,2014,4
Dungeonland,2014,4
Murder miners,2014,4
Thehunter: primal,2014,4
404sight,2015,4
Receiver,2015,4
Rage,2013,4
Cortex command,2014,4
Among the sleep - enhanced edition,2015,3
Gear up,2014,3
Legend of grimrock,2014,3
Luftrausers,2015,3
Sid meier's civilization® v,2012,3
Arma 2,2014,3
Command & conquer: red alert 3,2013,3
Arma 3 marksmen,2015,3
Verdun,2013,3
Call of duty®: black ops,2012,3
Penguins arena: sedna's world,2014,3
Company of heroes - legacy edition,2011,3
Worms revolution,2015,3
Pillars of eternity,2015,3
Aperture tag: the paint gun testing initiative,2014,3
Gods will be watching,2014,3
Planetarian ~the reverie of a little planet~,2015,3
Planetary annihilation: titans,2015,3
Sid meier's civilization v: brave new world,2015,3
Planet explorers,2015,3
Planet explorers,2014,3
City of steam: arkadia,2014,3
Magic 2014 — duels of the planeswalkers,2013,3
Aperture tag: the paint gun testing initiative,2015,3
Worms revolution,2014,3
Uplink,2015,3
Clickteam fusion 2.5,2015,3
Pinball arcade,2013,3
Unearthed: trail of ibn battuta - episode 1 - gold edition,2014,3
Pixel piracy,2013,3
Reus,2014,3
Cavern kings,2014,3
Ultra street fighter® iv,2015,3
Il-2 sturmovik: 1946,2014,3
Geometry wars™ 3: dimensions evolved,2015,3
Pink hour,2015,3
Pool nation,2014,3
Hyperdimension neptunia re;birth3 v generation / 神次次元ゲイム ネプテューヌre;birth3 v century,2015,3
Castle crashers®,2012,3
Vampire: the masquerade - bloodlines,2014,3
Broken age,2015,3
Grey goo,2015,3
Lego the lord of the rings,2014,3
World of goo,2014,3
Automation - the car company tycoon game,2015,3
"Warhammer® 40,000: dawn of war® - soulstorm",2014,3
"Warhammer® 40,000: dawn of war® - game of the year edition",2015,3
"Warhammer® 40,000: dawn of war® - game of the year edition",2014,3
"Warhammer® 40,000: dawn of war® - game of the year edition",2013,3
Half-life: source,2014,3
Radical roach remastered,2015,3
Stronghold crusader hd,2014,3
"Warhammer® 40,000: dawn of war® - dark crusade",2015,3
Half-life: blue shift,2015,3
Block n load,2014,3
Half-life: before,2013,3
Blockade 3d,2014,3
Half-life 2: update,2015,3
Secret world legends,2013,3
Ragnarok online 2,2014,3
Limbo,2015,3
Bit.trip presents... runner2: future legend of rhythm alien,2013,3
The banner saga,2015,3
Hexcells,2015,3
Battlefield: bad company™ 2,2011,3
Battlefield: bad company™ 2,2013,3
Beamng.drive,2014,3
Beat hazard,2011,3
Wild warfare,2014,3
Wings of vi,2015,3
Scribblenauts unlimited,2015,3
Scribblenauts unmasked: a dc comics adventure,2013,3
Red faction®: armageddon™,2014,3
Red orchestra 2: heroes of stalingrad with rising storm,2011,3
Secret of the magic crystals,2013,3
Life is feudal: your own,2015,3
Secret of the magic crystals,2014,3
Liftoff,2015,3
Half-life 2: episode two,2011,3
Warhammer: end times - vermintide sigmar's blessing,2015,3
Half-life 2: episode one,2013,3
Shadowrun returns,2014,3
Amnesia: the dark descent,2012,3
Remember me,2015,3
Lord of the rings: war in the north,2012,3
Assassin’s creed® iii,2015,3
Lord of the rings: war in the north,2015,3
Brutal legend,2013,3
Sang-froid - tales of werewolves,2014,3
Resident evil / biohazard hd remaster,2015,3
Grimm,2014,3
The crew™,2015,3
Volgarr the viking,2014,3
Assassin's creed 2 deluxe edition,2013,3
Lovely planet,2014,3
Armello,2015,3
Primal carnage: extinction,2014,3
War for the overworld,2015,3
Shadowrun returns,2013,3
Atom zombie smasher,2011,3
Prototype 2,2015,3
Half-life 2: deathmatch,2014,3
Secret world legends,2015,3
Steel ocean,2015,3
Quantum conundrum,2012,3
Bloody good time,2014,3
"Warhammer 40,000: regicide",2015,3
Bloody trapland,2014,3
Bloons td 5,2014,3
"Warhammer 40,000: dawn of war ii",2015,3
Half-life,2012,3
Assault android cactus,2015,3
Tasty blue,2015,3
Homefront,2014,3
The bridge,2014,3
Gunz 2: the second duel,2015,3
Contagion,2013,3
Democracy 3,2015,3
Rift,2011,3
Sniper: ghost warrior 2,2014,3
Zeno clash,2011,3
Far cry 3,2012,3
Tiny troopers,2015,3
Sonic lost world,2015,3
Fallout: new vegas,2011,3
Tiny and big: grandpa's leftovers,2014,3
Metal slug 3,2015,3
Timberman,2015,3
A story about my uncle,2015,3
A bird story,2015,3
911: first responders®,2015,3
Metro 2033 redux,2015,3
Space hulk,2013,3
Ziggurat,2015,3
Dungeon defenders eternity,2014,3
Dungeon defenders ii,2014,3
Microsoft flight simulator x: steam edition,2015,3
Don't starve: reign of giants,2014,3
Don bradman cricket 14,2015,3
To the moon,2013,3
Lambda wars beta,2015,3
Defy gravity extended,2015,3
Octodad: dadliest catch,2015,3
Rocksmith® 2014 edition - remastered,2014,3
Star trek online,2013,3
Medieval ii: total war™,2013,3
Solar 2,2014,3
Deus ex: game of the year edition,2015,3
Not a hero,2015,3
Divine souls f2p mmo,2014,3
Deus ex: the fall,2014,3
Star conflict,2013,3
Devil may cry® 3 special edition,2014,3
Diabolical,2015,3
Sonic adventure 2,2013,3
S.t.a.l.k.e.r.: call of pripyat,2015,3
Far cry® 2: fortune's edition,2013,3
Dungeon of the endless™,2013,3
Mx vs. atv reflex,2014,3
Mx vs. atv reflex,2013,3
Eve online,2015,3
100% orange juice,2014,3
The vanishing of ethan carter,2014,3
The vanishing of ethan carter,2015,3
Empyrion - galactic survival,2015,3
Enclave,2014,3
Enclave,2015,3
Endless space® - collection,2013,3
Eve online,2013,3
100% orange juice,2015,3
Mortal kombat komplete edition,2013,3
Enslaved™: odyssey to the west™ premium edition,2014,3
Enslaved™: odyssey to the west™ premium edition,2015,3
Europa universalis iv,2013,3
Epic battle fantasy 4,2015,3
Zoombinis,2015,3
Estranged: act i,2015,3
Eldevin,2014,3
Missing translation,2015,3
Thinking with time machine,2015,3
Mount & blade: with fire & sword,2013,3
The sims™ 3,2013,3
Minerva,2015,3
Murdered: soul suspect,2014,3
Dwarfs - f2p,2015,3
Thief™ gold,2014,3
Dynasty warriors 8: xtreme legends complete edition / 真・三國無双７ with 猛将伝,2015,3
Mount & blade: with fire & sword,2014,3
Dysfunctional systems: learning to manage chaos,2014,3
Eden*,2015,3
F.e.a.r. 3,2014,3
Spacechem,2014,3
Rush bros.,2014,3
Mirrormoon ep,2014,3
F.e.a.r.,2014,3
F.e.a.r.,2013,3
Running with rifles,2014,3
Final fantasy viii,2013,3
Melody's escape,2014,3
Total annihilation,2015,3
Freedom planet,2015,3
"Sir, you are being hunted",2013,3
Saints row 2,2013,3
Altitude,2011,3
Insaniquarium deluxe,2015,3
Crusader kings ii: mediterranean portraits,2014,3
Star wars™ - knights of the old republic™,2013,3
Marvel puzzle quest,2014,3
Trials fusion™,2014,3
Rivals of aether,2015,3
Flesh eaters,2015,3
Trials evolution: gold edition,2013,3
Mass effect 2,2011,3
The jackbox party pack,2015,3
Medal of honor™,2014,3
Overgrowth,2013,3
Cubic castles,2014,3
Interstellar marines,2013,3
Star wars™ - dark forces,2015,3
Sins of a solar empire®: rebellion,2015,3
Crawl,2014,3
Rise of the triad,2014,3
Craft the world,2014,3
Contrast,2015,3
Convoy,2015,3
"Cook, serve, delicious!",2015,3
Rift,2015,3
Rise of nations: extended edition,2015,3
Infinifactory,2015,3
Simpleplanes,2015,3
Counter-strike,2012,3
Amazing world™,2014,3
Star wars™ knights of the old republic™ ii - the sith lords™,2013,3
Influent,2014,3
Windward,2015,3
Stronghold kingdoms,2015,3
Rise of the triad,2013,3
Sins of a solar empire®: rebellion,2013,3
Injustice: gods among us ultimate edition,2015,3
Mark of the ninja,2013,3
Robot roller-derby disco dodgeball,2014,3
Aliens versus predator classic 2000,2014,3
Star wars™ empire at war - gold pack,2014,3
Final fantasy® xiii,2015,3
Dead state: reanimated,2014,3
Alan wake's american nightmare,2014,3
Dead space,2014,3
Rocksmith® 2014 edition - remastered,2013,3
Air brawl,2015,3
S.t.a.l.k.e.r.: shadow of chernobyl,2014,3
Sniper elite v2,2013,3
Mechwarrior online™,2015,3
Year walk,2014,3
Sniper: ghost warrior 2,2013,3
Oo,2015,3
Super amazing wagon adventure,2015,3
Super amazing wagon adventure,2013,3
Flatout 2™,2014,3
Oddworld: stranger's wrath hd,2015,3
Total war battles: kingdom,2015,3
Sunless sea,2014,3
Red faction,2014,2
Lego® batman™3: beyond gotham,2015,2
Lego® batman™3: beyond gotham,2014,2
Stronghold crusader 2,2014,2
Kingdom rush,2015,2
Layers of fear,2015,2
School of dragons,2015,2
Left 4 dead,2011,2
Left 4 dead,2015,2
Kingdom: classic,2015,2
Samurai warriors 4-ii,2015,2
Lego batman,2014,2
Red faction guerrilla steam edition,2014,2
Rocksmith® 2014 edition - remastered,2015,2
Resident evil 6 / biohazard 6,2013,2
Ricochet,2014,2
Saints row iv: commander-in-chief pack,2015,2
Rocketsrocketsrockets,2014,2
Roogoo,2015,2
Kingdoms rise,2013,2
Legend of grimrock,2013,2
Ryse: son of rome,2014,2
Resident evil™ 5/ biohazard 5®,2015,2
Saturday morning rpg,2014,2
L.a. noire,2014,2
Royal quest,2015,2
Rpg maker mv,2015,2
Kinetic void,2014,2
S.t.a.l.k.e.r.: call of pripyat,2014,2
Rock of ages,2014,2
Rpg maker vx ace,2013,2
King’s bounty: legions,2014,2
Kingdoms rise,2014,2
Rpg mo,2015,2
Rollercoaster tycoon® 3: platinum,2013,2
Stronghold 3 gold,2015,2
Rodina,2015,2
Lego® batman 2 dc super heroes™,2014,2
King's quest,2015,2
Reflex arena,2015,2
Reus,2015,2
Saints row: the third,2011,2
Reversion - the escape (1st chapter),2014,2
Rocksmith™,2014,2
Monday night combat,2011,2
Lego® the hobbit™,2014,2
Omerta - city of gangsters,2014,2
Slender: the arrival,2015,2
Smooth operators,2015,2
Sniper art of victory,2014,2
Only if,2015,2
One way heroics,2014,2
Omsi 2: steam edition,2015,2
Omerta - city of gangsters,2013,2
Orion: prelude,2013,2
Olliolli,2014,2
Sniper elite: nazi zombie army,2014,2
Offworld trading company,2015,2
"Star wars: battlefront 2 (classic, 2005)",2012,2
Sniper: ghost warrior,2014,2
Soccer rage,2015,2
Organ trail: director's cut,2014,2
Skullgirls: eliza,2015,2
Medieval ii: total war™ kingdoms,2013,2
Painkiller hell & damnation,2015,2
Particle mace,2015,2
Paranautical activity: deluxe atonement edition,2015,2
Star wars™ - the force unleashed™ ultimate sith edition,2015,2
Papo & yo,2014,2
"Sir, you are being hunted",2015,2
Star wars™ - the force unleashed™ ultimate sith edition,2014,2
Overlord™,2015,2
Overcast - walden and the werewolf,2015,2
Star wars™ - knights of the old republic™,2012,2
Overlord™,2014,2
Mass effect,2012,2
Mass effect 2,2012,2
Mass effect 2,2015,2
Master spy,2015,2
Solar 2,2013,2
Medieval ii: total war™ kingdoms,2014,2
Lego® the hobbit™,2015,2
Spec ops: the line,2012,2
Space pirates and zombies,2014,2
Spacebase df-9,2014,2
Spore™,2013,2
Spacechem,2011,2
Murdered: soul suspect,2015,2
Mini metro,2014,2
Mount & blade: warband - napoleonic wars,2015,2
Metro 2033 redux,2014,2
Mount & blade: warband - napoleonic wars,2014,2
Miscreated,2015,2
Mount & blade: warband,2011,2
Mortal online,2015,2
Morphopolis,2015,2
Monster loves you!,2014,2
Napoleon: total war™,2011,2
Napoleon: total war™,2013,2
Melody's escape,2015,2
Neotokyo,2014,2
Noct,2015,2
Memories of a vagabond,2015,2
Sonic adventure 2,2014,2
Nightsky,2011,2
Sonic adventure 2,2015,2
New kind of adventure,2015,2
Spy chameleon - rgb agent,2015,2
Napoleon: total war™,2015,2
Spore™ galactic adventures,2015,2
Need for speed: hot pursuit,2015,2
Nation red,2014,2
Nation red,2013,2
Nation red,2012,2
Space farmers,2014,2
Party hard,2015,2
Magicka 2,2015,2
Simcity™ 4 deluxe edition,2015,2
Pro cycling manager 2014,2014,2
Long live the queen,2013,2
Serious sam 2,2015,2
Puzzlequest: challenge of the warlords,2011,2
Serious sam hd: the first encounter,2014,2
Shadowrun: dragonfall - director's cut,2015,2
Shank 2,2013,2
Lord of the rings: war in the north,2014,2
Race 07,2013,2
Starpoint gemini 2,2014,2
Lost planet® 3,2015,2
Prince of persia®: the sands of time,2014,2
Shantae and the pirate's curse,2015,2
Love,2014,2
Prime world: defenders,2013,2
Loadout steam launch starter pack,2014,2
Race 07,2014,2
Simcity™ 4 deluxe edition,2014,2
Rampage knights,2015,2
Screencheat,2015,2
Reassembly,2015,2
Let the cat in,2015,2
Scribblenauts unmasked: a dc comics adventure,2014,2
Real horror stories ultimate edition,2014,2
Scribblenauts unmasked: a dc comics adventure,2015,2
Lightning returns™: final fantasy® xiii,2015,2
Raceroom racing experience,2015,2
Secret ponchos,2014,2
Lisa,2015,2
Ragnarok online 2,2013,2
Ragnarok online,2015,2
Rage,2015,2
Rage,2011,2
Stardrive 2,2015,2
Lucius,2014,2
Lucius,2015,2
Sid meier's civilization® v,2011,2
Pivvot,2014,2
"Pirates, vikings, and knights ii",2015,2
Magic: the gathering - duels of the planeswalkers 2012,2014,2
Sid meier's civilization® iv,2014,2
Star wars™ knights of the old republic™ ii - the sith lords™,2014,2
Phantom breaker: battle grounds,2015,2
Magicka,2012,2
Primal carnage,2012,2
Sid meier's pirates!,2014,2
Peggle extreme,2014,2
Peggle extreme,2013,2
Peggle deluxe,2013,2
Silver creek falls: chapter 1,2015,2
Payday™ the heist,2011,2
Magic 2015 - duels of the planeswalkers,2014,2
Sid meier's civilization® iv,2013,2
Sid meier's civilization® iii complete,2014,2
Pixeljunk™ monsters ultimate,2014,2
Planetarian ~the reverie of a little planet~,2014,2
Platypus,2015,2
"Please, don’t touch anything",2015,2
Mafia ii,2011,2
Portal,2010,2
Machinarium,2015,2
Monster loves you!,2013,2
Post apocalyptic mayhem,2014,2
Postal,2015,2
Shelter 2,2015,2
Mabinogi,2015,2
Lyne,2014,2
Praetorians,2014,2
Machinarium,2013,2
Rush,2013,2
Super house of dead ninjas,2013,2
E.y.e: divine cybermancy,2012,2
E.y.e: divine cybermancy,2015,2
Bloody trapland,2015,2
Earth defense force: insect armageddon,2014,2
Easyanticheat esports,2015,2
Edge,2013,2
Edge,2014,2
"Warhammer 40,000: space marine",2011,2
There came an echo,2015,2
Eldritch,2014,2
Electric highways,2015,2
Electronic super joy,2015,2
Empire: total war™,2011,2
"Warhammer 40,000: space marine",2013,2
Endless space® - collection,2012,2
Enforcer: police crime action,2014,2
The witcher: enhanced edition director's cut,2011,2
Epigenesis,2014,2
Epigenesis,2015,2
Etherium,2015,2
Blockstorm,2014,2
Blockland,2015,2
Euro truck simulator,2014,2
Bleed,2013,2
E.y.e: divine cybermancy,2013,2
They bleed pixels,2015,2
The testament of sherlock holmes,2015,2
Dwarfs!?,2014,2
Tiny and big: grandpa's leftovers,2013,2
Dragon age: origins,2014,2
Dragon age: origins - ultimate edition,2013,2
Dragon age: origins - ultimate edition,2015,2
Draw a stickman: epic,2013,2
Breach & clear,2014,2
Dreamfall chapters,2014,2
Brawlhalla,2014,2
Braid,2011,2
Wargame: airland battle,2015,2
Drunken robot pornography,2014,2
Ducktales: remastered,2013,2
Ducktales: remastered,2014,2
Wargame: european escalation,2013,2
Duke nukem forever,2011,2
This war of mine - war child charity dlc,2015,2
Thirty flights of loving,2014,2
Dungeons & dragons online®,2012,2
Dungeons & dragons online®,2014,2
Dungeons of dredmor,2011,2
Thief™ gold,2015,2
"Warhammer 40,000: dawn of war ii",2011,2
Dwarfs!?,2013,2
The tiny bang story,2014,2
Blades of time,2015,2
Brick-force,2015,2
Fallout: a post nuclear role playing game,2014,2
Bionic dues,2015,2
Binding of isaac: wrath of the lamb,2014,2
Wasteland 2: director's cut,2014,2
Far cry®,2014,2
Wasteland 2: director's cut,2015,2
Better late than dead,2015,2
Farming simulator 2013 titanium edition,2015,2
Farsky,2015,2
Wild warfare,2015,2
Fault - milestone two side:above,2015,2
Feeding frenzy 2 deluxe,2014,2
Battlepillars gold edition,2014,2
The misadventures of p.b. winterbottom,2012,2
The mean greens - plastic warfare,2015,2
The magic circle,2015,2
Final fantasy viii,2015,2
Final fantasy xiv online,2014,2
Final fantasy® xiii-2,2015,2
Final rush,2014,2
Finding teddy,2014,2
Fingerbones,2015,2
Battle of empires : 1914-1918,2015,2
Fist of awesome,2014,2
Fallout: a post nuclear role playing game,2015,2
The sandbox,2014,2
F.e.a.r.,2015,2
Bioshock™,2012,2
Blades of time,2013,2
F1 2014,2015,2
F1 2015,2015,2
Fable anniversary,2015,2
Blade kitten,2014,2
Face it - a game to fight inner demons,2015,2
Bit.trip runner,2015,2
Fading hearts,2014,2
Bit.trip runner,2013,2
Faerie solitaire,2013,2
Bit.trip runner,2011,2
Faerie solitaire,2014,2
Bit.trip presents... runner2: future legend of rhythm alien,2015,2
The showdown effect,2014,2
The showdown effect,2013,2
Fallen earth free2play,2015,2
Fallen enchantress: legendary heroes,2013,2
The ship: single player,2014,2
Fallout 2: a post nuclear role playing game,2014,2
Fallout 3,2013,2
"Warhammer® 40,000: dawn of war® ii chaos rising",2011,2
Fallout 3: game of the year edition,2011,2
Fallout 3: game of the year edition,2012,2
Downwell,2015,2
Double dragon: neon,2015,2
The last tinker™: city of colors,2014,2
Crystal story ii,2015,2
Unreal tournament 2004: editor's choice edition,2015,2
Choice of robots,2015,2
Damned,2014,2
Unreal tournament 3 black,2014,2
Dark souls™: prepare to die™ edition,2012,2
Unturned - permanent gold upgrade,2014,2
Trainz™ simulator 12,2014,2
Darksiders™,2013,2
Darksiders™,2014,2
Darksiders™,2015,2
Chaos reborn,2015,2
Uplink,2014,2
Train simulator,2013,2
Vampire: the masquerade - bloodlines,2012,2
Day of defeat: source,2011,2
Train fever,2015,2
Daylight,2014,2
Dc universe™ online,2011,2
Dead effect,2014,2
Dead or alive 5 last round: core fighters,2015,2
Castle story,2014,2
Velocibox,2015,2
Dead pixels,2013,2
Cubemen,2012,2
Crysis 2 - maximum edition,2013,2
Velvet assassin,2014,2
Crysis 2 - maximum edition,2012,2
Company of heroes - legacy edition,2012,2
Company of heroes: tales of valor,2015,2
Contagion,2015,2
Ultimate doom,2014,2
Ultimate tic-tac-toe,2015,2
Contradiction - spot the liar!,2015,2
Contraption maker,2015,2
Cortex command,2015,2
Cosmic dj,2014,2
Color symphony,2014,2
Tropico 4,2013,2
Counter-strike: condition zero,2014,2
Counter-strike: source,2010,2
Tropico 4,2012,2
Ultratron,2014,2
Underrail,2014,2
Unepic,2013,2
Crazy taxi,2014,2
Trine enchanted edition,2015,2
Creeper world 3: arc eternal,2015,2
Cities in motion 2,2014,2
Crusaders of the lost idols,2015,2
Crysis,2015,2
Dead pixels,2014,2
Dead pixels,2015,2
Double dragon: neon,2014,2
Victory: the age of racing,2014,2
Vindictus,2013,2
Devilian,2015,2
Tom clancy's rainbow six® vegas 2,2013,2
Caesaria,2015,2
Dinner date,2014,2
Voxelized,2015,2
Tokyo school life,2015,2
Dishonored - void walker arsenal,2015,2
Vvvvvv,2015,2
Wakfu,2015,2
Divekick,2014,2
Toki tori,2014,2
Divinity: original sin - enhanced edition,2015,2
Dogs of war online,2014,2
To the moon,2012,2
Titan souls,2015,2
Titan attacks!,2014,2
Tinykeep,2014,2
Doom 3: bfg edition,2014,2
Brink,2014,2
Brink,2011,2
War for the overworld,2014,2
Bridge constructor,2014,2
Devil may cry 4,2015,2
Deus ex: human revolution - director's cut,2013,2
Dead rising 2: off the record,2015,2
Tom clancy's splinter cell chaos theory®,2014,2
Trackmania² canyon,2015,2
Dead rising® 2,2014,2
Castle crashers - pink knight pack,2015,2
Velvet sundown,2015,2
Cargo! the quest for gravity,2013,2
Canyon capers,2014,2
Call of duty®: black ops ii - nuketown zombies map,2014,2
Defcon,2014,2
Call of duty®: black ops ii - apocalypse,2015,2
Torchlight,2012,2
Victoria ii,2015,2
Kane and lynch: dead men™,2015,2
Call of duty®: black ops,2013,2
Call of duty® 4: modern warfare®,2013,2
Call of duty® 4: modern warfare®,2012,2
Desktop dungeons,2014,2
Despair,2015,2
Destiny warriors rpg,2015,2
Tom clancy’s splinter cell blacklist,2013,2
Detour,2015,2
Tom clancy's splinter cell chaos theory®,2015,2
Deus ex: game of the year edition,2012,2
Call of duty®,2015,2
The legend of heroes: trails in the sky,2015,2
Fallen earth free2play,2012,2
Greyfox rpg,2015,2
The bureau: xcom declassified,2015,2
The collider,2014,2
Gumboy tournament,2014,2
Insurgency: modern infantry combat,2014,2
Wyv and keep: the temple of the lost idol,2014,2
Insecticide part 1,2014,2
Ace - arena: cyber evolution,2014,2
Guncraft,2014,2
Gunman clive,2014,2
Guns and robots,2014,2
Arma 2: operation arrowhead,2011,2
The bridge,2015,2
Analogue: a hate story,2014,2
Injustice: gods among us ultimate edition,2013,2
Half minute hero: the second coming,2015,2
Half-life,2011,2
X rebirth,2013,2
X rebirth,2015,2
Half-life 2: deathmatch,2011,2
Grimoire: manastorm,2015,2
A.v.a. alliance of valiant arms™,2015,2
Anna - extended edition,2014,2
The dark eye: chains of satinav,2014,2
Grand theft auto iii,2015,2
Arma 2,2013,2
"Invisible, inc.",2015,2
Arena wars 2,2014,2
"Invisible, inc.",2014,2
Grand theft auto: san andreas,2012,2
Apotheon,2015,2
Apb reloaded,2012,2
Grass simulator,2015,2
Apb reloaded,2011,2
Invisible apartment,2015,2
Wrc 4 fia world rally championship,2014,2
Gratuitous space battles,2015,2
The darkness ii,2013,2
Grid 2,2015,2
Grid autosport,2014,2
A.v.a. alliance of valiant arms™,2013,2
Infectonator: survivors,2014,2
Adventures of shuggy,2014,2
Ampersand,2015,2
Ai war: fleet command,2014,2
Hatred,2015,2
Xcom: enemy unknown,2012,2
Hearts of iron iii,2015,2
Heavy bullets,2014,2
Aliens vs. predator™,2013,2
Heroine's quest: the herald of ragnarok,2014,2
Aliens vs. predator™,2012,2
Aliens vs. predator™,2011,2
Tales of maj'eyal,2014,2
Teeworlds,2015,2
Highschool romance,2015,2
Xenonauts,2014,2
Hitman: blood money,2013,2
Hover,2015,2
Year walk,2015,2
Airmech strike,2012,2
Airport simulator 2014,2014,2
Szone-online,2015,2
Hatoful boyfriend,2014,2
Half-life 2: episode one,2014,2
System shock 2,2014,2
Half-life: source,2013,2
Hammerfight,2014,2
Indie game: the movie,2014,2
Amnesia: a machine for pigs,2014,2
Hammerwatch,2013,2
Hammerwatch,2015,2
Z,2014,2
Aero's quest,2015,2
Hand of fate,2014,2
Amnesia: a machine for pigs,2013,2
Hard reset extended edition,2013,2
Amazing frog?,2015,2
Agarest: generations of war,2014,2
Hard reset extended edition,2014,2
Hard reset extended edition,2015,2
Altitude,2014,2
Il-2 sturmovik: 1946,2015,2
The elder scrolls iv: oblivion® game of the year edition,2011,2
Hitman: blood money,2014,2
Supreme commander: forged alliance,2015,2
Worms clan wars,2013,2
Astebreed: definitive edition,2014,2
The fruit of grisaia,2015,2
The king of fighters xiii steam edition,2014,2
Worms armageddon,2015,2
Assassin’s creed® iii,2012,2
Galcon 2: galactic conquest,2014,2
The king of fighters xiii steam edition,2015,2
Super panda adventures,2014,2
99 spirits,2014,2
Worms reloaded,2010,2
Assassin's creed™: director's cut edition,2014,2
Galcon 2: galactic conquest,2015,2
Assassin's creed® syndicate,2015,2
Winter voices,2015,2
Fractured space,2014,2
8bitmmo,2015,2
Ford racing 3,2015,2
Superbrothers: sword & sworcery ep,2014,2
Jet set radio,2015,2
Frozen synapse,2011,2
20xx,2015,2
Super sanctum td,2014,2
3079 -- block action rpg,2014,2
The inner world,2015,2
Back to the future: the game,2014,2
6180 the moon,2014,2
Zombie driver hd,2014,2
The impossible game,2014,2
Supreme commander,2014,2
World of goo,2013,2
Wolfenstein 3d,2015,2
Freddi fish 5: the case of the creature of coral cove,2015,2
Just cause,2014,2
Judge dredd: dredd vs. death,2015,2
World end economica episode.01,2015,2
Gods will be watching,2015,2
Gnomoria,2014,2
Gnomoria,2013,2
The evil within,2014,2
Worms reloaded,2014,2
God mode,2013,2
Geometry dash,2014,2
Gender bender dna twister extreme,2015,2
Gems of war - puzzle rpg,2014,2
The fall,2014,2
Ironclad tactics,2013,2
The elder scrolls® online: tamriel unlimited™,2014,2
Footlol: epic fail league,2014,2
Basement,2015,2
Super house of dead ninjas,2014,2
Zero gear,2014,2
Assassin's creed freedom cry,2015,2
Garry's mod,2010,2
A virus named tom,2014,2
Forced: slightly better edition,2015,2
The fifth day,2014,2
Gas guzzlers extreme,2015,2
You must build a boat,2015,1
You are not the hero,2015,1
Sid meier's civilization® iv,2015,1
Victor vran arpg,2015,1
Zuma's revenge!,2014,1
Zombie kill of the week - reborn,2015,1
Ultionus: a tale of petty revenge,2014,1
S.t.a.l.k.e.r.: clear sky,2012,1
Vertical drop heroes hd,2015,1
Ubermosh,2015,1
Vertiginous golf,2015,1
Verde station,2014,1
Ultra street fighter® iv,2013,1
Vertiginous golf,2014,1
S.t.a.l.k.e.r.: clear sky,2015,1
Ultimate general: gettysburg,2014,1
S.t.a.l.k.e.r.: shadow of chernobyl,2011,1
Vessel,2015,1
Velvet sundown,2014,1
S.t.a.l.k.e.r.: shadow of chernobyl,2012,1
Ultimate general: gettysburg,2015,1
Sid meier's civilization® v,2010,1
Victim of xen,2015,1
Ultimate doom,2013,1
Ubersoldier ii,2014,1
Ship simulator extremes,2014,1
Undead overlord,2015,1
Ys origin,2014,1
Zombie driver hd,2015,1
Uplink,2011,1
S.t.a.l.k.e.r.: call of pripyat,2012,1
Untamed: life of a cougar,2015,1
Zeno clash,2013,1
Sid meier's civilization® iii complete,2010,1
Sid meier's civilization v: gods and kings,2012,1
Unholy heights,2014,1
Zeno clash,2015,1
Unreal tournament 3 black,2013,1
Unreal tournament 3 black,2012,1
Victoria ii,2011,1
Unity of command: stalingrad campaign,2014,1
Unmechanical,2012,1
Sid meier's civilization v: gods and kings,2014,1
Unpossible,2015,1
Unreal tournament 2004: editor's choice edition,2014,1
Sid meier's civilization: beyond earth - rising tide,2015,1
Unreal tournament 2004: editor's choice edition,2012,1
Unreal gold,2015,1
Uplink,2012,1
S.t.a.l.k.e.r.: call of pripyat,2013,1
Zeno clash,2012,1
Zenzizenzic,2015,1
Ultratron,2013,1
Vector thrust,2015,1
Vapour,2015,1
Vampire: the masquerade - bloodlines,2015,1
Showtime!,2015,1
Zombi,2015,1
Shroud of the avatar: forsaken virtues,2015,1
Z steel soldiers,2015,1
S.t.a.l.k.e.r.: clear sky,2011,1
Sid meier's civilization v: brave new world,2014,1
Sid meier's civilization iv: colonization,2013,1
Zen bound 2,2013,1
Unepic,2015,1
Uriel's chasm,2015,1
Zero punctuation: hatfall - hatters gonna hat edition,2015,1
Sid meier's civilization® iii complete,2013,1
Zen bound 2,2014,1
Zero gear,2015,1
Wings of vi,2014,1
Shadows on the vatican act i: greed,2015,1
Shift 2 unleashed,2015,1
"Warhammer 40,000: space marine - iron hands chapter pack dlc",2015,1
Worms,2014,1
Worms armageddon,2013,1
Worms armageddon,2014,1
Ty the tasmanian tiger 4,2015,1
Worms clan wars,2014,1
Secret ponchos,2015,1
Worms reloaded,2011,1
Samudai,2015,1
Worms reloaded,2012,1
Worms reloaded,2013,1
"Warhammer® 40,000: dawn of war® - dark crusade",2012,1
"Warhammer 40,000: space marine",2015,1
"Warhammer® 40,000: dawn of war® ii chaos rising",2014,1
"Warhammer 40,000: space marine",2014,1
Sam & max 104: abe lincoln must die!,2014,1
Secret world legends,2014,1
Saints row: the third - gangstas in space,2015,1
Secrets of grindea,2015,1
Section 8®: prejudice™,2012,1
"Warhammer 40,000: space marine",2012,1
Worms revolution,2013,1
Worms ultimate mayhem,2014,1
Wrack,2013,1
"Warhammer 40,000: kill team",2014,1
"Warhammer® 40,000: dawn of war® ii chaos rising",2013,1
Warlock - master of the arcane,2012,1
"Warhammer 40,000: dawn of war ii",2013,1
Wild season,2015,1
School of dragons,2014,1
Wings of prey,2011,1
Winter sports trilogy super pack,2015,1
Windosill,2014,1
Schrödinger’s cat and the raiders of the lost quark,2015,1
Scania truck driving simulator,2014,1
Wolfenstein 3d,2012,1
Scourge: outbreak,2014,1
Wolfenstein 3d,2014,1
Wildlife park 2 - fantasy,2014,1
Wildlife park 2,2015,1
Wick,2015,1
Saturday morning rpg,2015,1
White noise online,2014,1
Word rescue,2015,1
We slay monsters,2014,1
Save the furries,2015,1
World end economica episode.02,2015,1
Wasteland 2: director's cut,2013,1
World of goo,2012,1
Warp,2012,1
Warmachine: tactics,2014,1
Secret of the magic crystals,2012,1
Warlock 2: the exiled,2015,1
Sengoku,2011,1
"Warhammer 40,000: dawn of war ii",2012,1
Shift 2 unleashed,2014,1
Victory: the age of racing,2015,1
Waking mars,2014,1
X3: albion prelude,2015,1
X3: reunion,2015,1
Vvvvvv,2012,1
Vvvvvv,2011,1
Shank 2,2015,1
X3: terran conflict,2015,1
Saga,2015,1
Sacred citadel,2013,1
Volt,2014,1
Voidexpanse,2015,1
Sacred 3,2015,1
Wings of prey,2014,1
Sacred 2 gold,2015,1
Xcom: enemy within,2014,1
Xcom: enemy within,2015,1
Xeodrifter™,2015,1
Victory at sea,2015,1
Shark attack deathmatch 2,2015,1
S.t.a.l.k.e.r.: shadow of chernobyl,2015,1
Shelter,2015,1
Xpand rally xtreme,2014,1
Sherlock holmes: crimes and punishments,2014,1
Sherlock holmes: the awakened - remastered edition,2014,1
Shank,2015,1
Shadowrun returns,2015,1
Serious sam classic: the first encounter,2014,1
Wargame: european escalation,2014,1
Wrc 5 fia world rally championship,2015,1
Written in the sky,2015,1
Serious sam classic: the second encounter,2013,1
Wurm unlimited,2015,1
Saints row iv: dubstep gun (remix) pack,2015,1
Serious sam classics: revolution,2014,1
Serious sam classics: revolution,2015,1
Serious sam double d xxl,2014,1
Serious sam hd: the first encounter,2013,1
Wargame: european escalation,2015,1
Serious sam: the random encounter,2015,1
Saints row iv - the super saints pack,2015,1
Wanderlust adventures,2015,1
Shadow warrior classic redux,2013,1
Shadow warrior classic redux,2014,1
Shadowgrounds,2014,1
X-blades,2013,1
Shadowrun chronicles - boston lockdown,2014,1
"War, the game",2015,1
War of beach,2015,1
X-com: apocalypse,2012,1
X-com: enforcer,2014,1
X-com: interceptor,2013,1
X-plane 10 global - 64 bit,2014,1
Typer shark! deluxe,2015,1
Tomb raider: anniversary,2015,1
Two worlds ii hd,2014,1
Star wars™ jedi knight - jedi academy™,2012,1
The fifth day,2015,1
The forest of doom,2015,1
Star wars™ jedi knight: dark forces ii,2015,1
Star wars™ jedi knight: dark forces ii,2014,1
Star wars™ jedi knight ii - jedi outcast™,2015,1
Star wars™ jedi knight ii - jedi outcast™,2011,1
The four kings casino and slots,2015,1
Star wars™ empire at war - gold pack,2015,1
The incredible adventures of van helsing,2015,1
The graveyard,2013,1
The graveyard,2015,1
The great jitters: pudding panic,2014,1
The howler,2015,1
The i of the dragon,2015,1
The impossible game,2015,1
Rush,2015,1
The fall of the dungeon guardians - enhanced edition,2015,1
Star wars™ republic commando™,2014,1
The evil within,2015,1
Star wars™: the force unleashed™ ii,2011,1
The crew™ season pass,2015,1
Stardust vanguards,2015,1
Stardrive,2015,1
Stardrive,2014,1
The deer,2015,1
The deer god,2014,1
The detail,2015,1
The dream machine: chapter 1 & 2,2015,1
The elder scrolls iii: morrowind® game of the year edition,2012,1
Star wolves 3: civil war,2015,1
The elder scrolls iii: morrowind® game of the year edition,2013,1
Star wars™: the force unleashed™ ii,2014,1
Star wars™: the force unleashed™ ii,2013,1
The elder scrolls iv: oblivion® game of the year edition,2013,1
The entente gold,2015,1
The incredible adventures of van helsing,2014,1
The inner world,2014,1
Two worlds ii hd,2013,1
"Spy fox in ""dry cereal""",2015,1
The next penelope,2015,1
The night of the rabbit,2015,1
Stacking,2014,1
The nightmare cooperative,2014,1
The old city: leviathan,2014,1
Squishy the suicidal pig,2014,1
The old city: leviathan,2015,1
"Spy fox 2 ""some assembly required""",2014,1
The interview,2015,1
The promised land,2014,1
Spy chameleon - rgb agent,2014,1
Sprint cars road to knoxville,2014,1
The quest,2015,1
The raven - legacy of a master thief,2013,1
The secret of monkey island: special edition,2013,1
The settlers online,2015,1
The mystery of the druids,2015,1
Star horizon,2015,1
The music machine,2015,1
The moon sliver,2015,1
The isle,2015,1
The king of fighters 2002 unlimited match,2015,1
The last door - collector's edition,2015,1
Star wars™ - knights of the old republic™,2011,1
Star wars™ - knights of the old republic™,2010,1
The last federation,2015,1
Star wars™ - dark forces,2014,1
The last remnant™,2013,1
The last remnant™,2014,1
The lego® movie - videogame,2014,1
The longest journey,2013,1
The lord of the rings online™,2012,1
"Star wars: battlefront 2 (classic, 2005)",2011,1
The lord of the rings online™,2013,1
The masterplan,2015,1
The cave,2013,1
The cat lady,2015,1
Starpoint gemini 2,2015,1
Sword of the samurai,2014,1
Sudeki,2014,1
Supreme ruler ultimate,2014,1
Supreme ruler: cold war,2014,1
Subspace continuum,2015,1
Styx: master of shadows,2014,1
Survivor squad,2014,1
Sweezy gunner,2014,1
Stronghold hd,2014,1
The cat lady,2014,1
Sword of the stars: complete collection,2014,1
Swords and soldiers hd,2011,1
Swords and soldiers hd,2015,1
Symphony,2012,1
Symphony,2014,1
Stronghold crusader hd,2015,1
System shock 2,2013,1
Supreme ruler 2020 gold,2015,1
Sunless sea,2015,1
Super 3-d noah's ark,2015,1
Supreme ruler 1936,2015,1
Super house of dead ninjas,2015,1
Super street fighter iv: arcade edition - arcade challengers pack,2015,1
Super trench attack!,2015,1
Super win the game,2014,1
Super hexagon,2012,1
Superpower 2 steam edition,2015,1
Supreme commander,2013,1
Supreme commander,2015,1
Supreme commander 2,2011,1
Supreme commander 2,2012,1
Supreme commander 2,2013,1
Supreme commander: forged alliance,2012,1
Supreme commander: forged alliance,2013,1
Super crate box,2012,1
Super chibi knight,2015,1
System shock 2,2015,1
Tales of aravorn: seasons of the wolf,2015,1
Tales of maj'eyal,2015,1
The age of decadence,2014,1
Street fighter® iv,2011,1
Stray cat crossing,2015,1
The banner saga: factions,2013,1
The basement collection,2013,1
Stock car extreme,2015,1
Stick 'em up 2: paper adventures,2015,1
The binding of isaac,2011,1
The black watchmen,2015,1
The blue flamingo,2014,1
The bridge,2013,1
Steel rain,2015,1
Steamworld dig,2014,1
Steamworld dig,2013,1
State of decay: yose,2015,1
The castle doctrine,2014,1
Street fighter® iv,2014,1
Tetrobot and co.,2013,1
Stronghold crusader 2,2015,1
Streets of rage 2,2012,1
Talisman: prologue,2013,1
Tap tap infinity,2015,1
Stronghold 3 gold,2013,1
Strong bad's cool game for attractive people: season 1,2013,1
Team fortress classic,2012,1
Teddy floppy ear - kayaking,2015,1
Teddy floppy ear - mountain adventure,2015,1
Teddy floppy ear - the race,2015,1
Strike suit zero,2014,1
Teleglitch: die more edition,2015,1
Strike suit infinity,2014,1
Templar battleforce,2015,1
Tengami,2015,1
Terrorhedron tower defense,2015,1
Tesla effect: a tex murphy adventure,2015,1
The ship: murder party,2013,1
Spore™ creepy & cute parts pack,2015,1
Spore™ creepy & cute parts pack,2013,1
Smite® - ultimate god pack,2015,1
Sniper elite 3 season pass,2015,1
Trackmania² stadium,2014,1
Sniper elite,2012,1
Trackmania² stadium,2015,1
Trackmania² valley,2015,1
Sneaky sneaky,2015,1
Train fever,2014,1
Slender: the arrival,2013,1
Tomb raider ii,2014,1
Train simulator,2010,1
Train simulator,2012,1
Train simulator: db br232 loco add-on,2015,1
Sleeping dogs: nightmare in north point,2015,1
Trainz: a new era,2015,1
Skyward collapse,2014,1
Skyscraper simulator,2015,1
Trackmania united forever star edition,2014,1
Trackmania united forever star edition,2010,1
Toy soldiers: complete,2014,1
Toy soldiers,2012,1
Tomb raider: legend,2012,1
Tomb raider: legend,2014,1
Snow,2013,1
Sniper: ghost warrior 2,2015,1
Torchlight,2014,1
Torchlight ii,2012,1
Total war: attila - the last roman campaign pack,2015,1
Total war: rome ii - blood & gore,2015,1
Sniper: ghost warrior,2015,1
Total war: rome ii - wrath of sparta campaign pack,2014,1
Sniper elite: nazi zombie army,2015,1
Tower of guns,2014,1
Tower of guns,2015,1
Towerfall ascension,2015,1
Towns,2015,1
Skyborn,2014,1
Sky gamblers: storm raiders,2015,1
Skulls of the shogun,2015,1
Tropico 3,2015,1
Tropico 3: absolute power,2014,1
Sins of a solar empire®: rebellion,2012,1
Tropico 4: megalopolis dlc,2015,1
Truck racer,2014,1
Turbo dismount™,2015,1
Turok,2015,1
Two worlds epic edition,2013,1
Silent hunter®: wolves of the pacific,2014,1
Two worlds epic edition,2014,1
Silent hill homecoming,2015,1
Signs of life,2014,1
Sid meier's railroads!,2015,1
Two worlds epic edition,2015,1
Sid meier's pirates!,2015,1
Two worlds ii hd,2012,1
Tropico 3: absolute power,2012,1
Tropico 3,2014,1
Transocean: the shipping company,2014,1
Tron 2.0,2014,1
Transocean: the shipping company,2015,1
Skulls of the shogun,2014,1
Trapped dead,2014,1
Traverser,2015,1
Tree of life,2015,1
Trials 2: second edition,2012,1
Skullgirls: eliza,2014,1
Trials evolution: gold edition,2015,1
Skullgirls: big band,2015,1
Trine 3: the artifacts of power,2015,1
Trine enchanted edition,2011,1
Trine enchanted edition,2012,1
Sirius online,2015,1
Trine enchanted edition,2013,1
Trine enchanted edition,2014,1
Soccer manager 2015,2015,1
Tomb raider i,2015,1
Spore™,2012,1
Spacechem,2012,1
They bleed pixels,2013,1
They bleed pixels,2014,1
They breathe,2014,1
Thief,2015,1
Spacechem,2013,1
Thief town,2015,1
Thief: deadly shadows,2014,1
Thief™ ii: the metal age,2014,1
Software inc.,2015,1
Thirty flights of loving,2015,1
Spacebase df-9,2015,1
Space trader: merchant marine,2014,1
Space run,2014,1
Space pirates and zombies,2013,1
Space pirates and zombies,2011,1
Space hulk ascension,2015,1
Thea: the awakening,2015,1
Sphere iii: enchanted world,2015,1
The yawhg,2014,1
The world ii: hunting boss,2014,1
Spooky cats,2015,1
Spoiler alert,2015,1
Spoiler alert,2014,1
The sims™ 3,2015,1
Splice,2013,1
The talos principle,2014,1
The testament of sherlock holmes,2014,1
The typing of the dead: overkill,2013,1
The typing of the dead: overkill,2015,1
The witcher 2: assassins of kings enhanced edition,2011,1
The witcher 2: assassins of kings enhanced edition,2012,1
The witcher adventure game,2015,1
Spirits,2014,1
Spirited heart deluxe,2014,1
The witcher: enhanced edition director's cut,2013,1
Space hulk ascension,2014,1
Thomas was alone,2015,1
Thunder wolves,2014,1
Toki tori,2015,1
Sonic generations collection,2012,1
Sonic generations collection,2011,1
Toki tori 2+,2014,1
Tom clancy's ghost recon: future soldier™,2013,1
Tom clancy's ghost recon: future soldier™,2015,1
Tom clancy's ghost recon®,2014,1
Tom clancy's rainbow six® 3 gold,2014,1
Tom clancy's rainbow six® vegas 2,2014,1
Tom clancy's rainbow six® vegas 2,2015,1
Tom clancy's splinter cell chaos theory®,2010,1
Solforge,2014,1
Tomb raider i,2013,1
Solar 2,2012,1
Sol survivor,2014,1
Sol survivor,2010,1
Toki tori 2+,2013,1
Tis-100,2015,1
Ticket to ride,2015,1
Sonic generations collection,2014,1
Tiki man,2015,1
Timber and stone,2015,1
"Time gentlemen, please! and ben there, dan that! special edition  double pack",2014,1
Timeshift™,2014,1
Space empires v,2015,1
Space empires v,2013,1
Timeshift™,2015,1
Space beast terror fright,2015,1
Soundodger+,2014,1
Soul gambler,2015,1
Sonic the hedgehog 4 - episode ii,2014,1
Sonic the hedgehog 4 - episode ii,2013,1
Tiny and big: grandpa's leftovers,2015,1
Tiny barbarian dx,2014,1
Tiny brains,2014,1
//n.p.p.d. rush//- the milk of ultraviolet,2015,1
Magic: the gathering - duels of the planeswalkers 2013,2014,1
Runestone keeper,2015,1
Deus ex: game of the year edition,2013,1
Detective grimoire,2015,1
Detective grimoire,2014,1
Destination sol,2015,1
Desktop dungeons,2013,1
Deponia,2015,1
Demolition inc.,2014,1
Demolition inc.,2012,1
Dementium ii hd,2014,1
Dementium ii hd,2013,1
Delta force 2,2015,1
Defense grid: the awakening,2015,1
Defense grid: the awakening,2014,1
Defender's quest: valley of the forgotten (dx edition),2014,1
Defender's quest: valley of the forgotten (dx edition),2013,1
Defence alliance 2,2015,1
Defence alliance 2,2013,1
Defcon,2015,1
Defcon,2013,1
Defcon,2012,1
Deepworld,2015,1
Deep eclipse: new space odyssey,2015,1
Decay: the mare,2015,1
Deathmatch classic,2014,1
Death tractor,2015,1
Death track®: resurrection,2013,1
Death skid marks,2015,1
Deadnaut,2014,1
Deadly premonition: the director's cut,2014,1
Deadlight,2015,1
Deus ex: game of the year edition,2011,1
Deus ex: revision,2015,1
Deadcore,2015,1
Devil may cry 4,2013,1
Draw a stickman: epic,2014,1
Dragon saga,2015,1
Dragon age: origins,2013,1
Dragon age: origins,2010,1
Double dragon trilogy,2015,1
Doom ii,2015,1
Doom ii,2010,1
Doom 3: bfg edition,2015,1
Doom 3: bfg edition,2013,1
Doom 3: bfg edition,2012,1
Doom 3,2015,1
Doom 3,2011,1
Doom & destiny,2015,1
Don bradman cricket 14,2014,1
Dominions 4: thrones of ascension,2015,1
Divinity: dragon commander,2013,1
Divine souls f2p mmo,2015,1
Divekick,2015,1
Disney•pixar cars 2: the video game,2014,1
Disney winnie the pooh,2014,1
Disney universe,2014,1
Disciples iii - renaissance steam special edition,2015,1
Dino d-day,2012,1
Dinner date,2013,1
Dinner date,2012,1
"Dimmdrive :: gaming ramdrive @ 10,000+ mb/s",2015,1
Digger online,2015,1
Dg2: defense grid 2,2015,1
Devil may cry® 4 special edition,2015,1
Deadfall adventures,2014,1
Deadcore,2014,1
Dream of mirror online,2015,1
Cubemen,2014,1
Cthulhu saves the world,2014,1
Cthulhu saves the world,2012,1
Cthulhu saves the world,2011,1
Crystal caves,2015,1
Crysis warhead®,2015,1
Crysis warhead®,2013,1
Crysis warhead®,2012,1
Cryptark,2015,1
Crusader kings ii,2012,1
Crosscode,2015,1
Croixleur sigma,2015,1
Critter crunch,2014,1
Critical mass,2013,1
Cricket revolution,2013,1
Creeper world 3: arc eternal,2014,1
Crazy taxi,2015,1
Crayon physics deluxe,2011,1
Crawl,2015,1
Craft the world,2015,1
Cradle,2015,1
Cpucores :: maximize your fps,2015,1
Counter-strike: condition zero,2013,1
Counter-strike: condition zero,2011,1
Counter-strike,2011,1
Costume quest,2015,1
Costume quest,2014,1
Cossacks: back to war,2013,1
Cosmochoria,2014,1
Cosmo's cosmic adventure,2015,1
Cthulhu saves the world,2015,1
Cubemen,2015,1
Dead synchronicity: tomorrow comes today,2015,1
Cubemen 2,2015,1
Dead space™ 2,2015,1
Dead space™ 2,2014,1
Dead space™ 2,2013,1
Dead space,2015,1
Dead sea,2015,1
Dead rising® 2,2015,1
Dead rising® 2,2013,1
Dead rising 3 apocalypse edition,2015,1
Dead rising 2: off the record,2014,1
Dead pixels,2012,1
Dead in bermuda,2015,1
Dead effect,2015,1
Dcs: p-51d mustang,2014,1
Day one : garry's incident,2013,1
Day of defeat: source,2010,1
Day of defeat,2015,1
Day of defeat,2014,1
Day of defeat,2013,1
David.,2015,1
Darkwind: war on wheels,2015,1
Darkstar one,2015,1
Darksiders™,2012,1
Darkest hour: europe '44-'45,2014,1
Darkest hour: a hearts of iron game,2014,1
Dark void™,2011,1
Dark souls™ ii crown of the ivory king,2014,1
D4: dark dreams don’t die -season one-,2015,1
D.i.p.r.i.p. warm up,2015,1
Cursed sight,2015,1
Dreadout,2015,1
Drifter,2015,1
Runers,2014,1
Final fantasy® xiii-2,2014,1
Final fantasy iv,2014,1
Final fantasy iii,2015,1
Final fantasy iii,2014,1
Final exam,2014,1
Fiesta online na,2014,1
Fieldrunners 2,2015,1
Feeding frenzy 2 deluxe,2015,1
Fault - milestone one,2015,1
Fate,2014,1
Farm for your life,2014,1
Far cry® 2: fortune's edition,2015,1
Far cry®,2015,1
Far cry®,2012,1
Far cry 3 - blood dragon,2015,1
Fantasy wars,2011,1
Famaze,2015,1
Fallout: new vegas,2010,1
Fallout: a post nuclear role playing game,2013,1
Fallout: a post nuclear role playing game,2012,1
Fallout tactics: brotherhood of steel,2015,1
Fallout new vegas®: gun runners’ arsenal™,2015,1
Fallout new vegas: old world blues,2015,1
Fallout new vegas: dead money,2014,1
Fallen enchantress: legendary heroes,2015,1
Fairy fencer f,2015,1
Faerie solitaire,2015,1
Faerie solitaire,2011,1
Fading hearts,2015,1
Facerig,2015,1
Final fantasy iv,2015,1
Fingered,2015,1
F1 2014,2014,1
Firefighters 2014,2014,1
Galactic civilizations® ii: ultimate edition,2014,1
Galactic civilizations® ii: ultimate edition,2013,1
Galactic civilizations® ii: ultimate edition,2012,1
Gaben: the final decision,2015,1
Future wars,2014,1
Full mojo rampage,2015,1
Full mojo rampage,2014,1
Fsx: steam edition - diamond da40 add-on,2015,1
Frozen synapse,2015,1
Frontlines™: fuel of war™,2014,1
Front mission evolved,2012,1
From dust,2014,1
From dust,2011,1
Freedom force,2014,1
Freddi fish and the case of the missing kelp seeds,2014,1
Fractured soul,2015,1
Fractal: make blooms not war,2013,1
Foul play,2014,1
Fortix,2013,1
Foreign legion: buckets of blood,2011,1
Footlol: epic fail league,2015,1
Flower shop: summer in fairbrook,2014,1
Flight control hd,2011,1
Flatout: ultimate carnage,2014,1
Flatout 2™,2015,1
Flatout,2015,1
Flatout,2014,1
Flatout,2013,1
Flashout 2,2014,1
Fable - the lost chapters,2015,1
F1 2012™,2013,1
Driftmoon,2014,1
Empires mod,2014,1
Empire: total war™,2012,1
Else heart.break(),2015,1
Eleusis,2015,1
Electronic super joy: groove city,2015,1
Eldritch,2015,1
Eldevin,2015,1
Eets munchies,2014,1
Edna & harvey: harvey's new eyes,2013,1
Eador. masters of the broken world,2014,1
E.y.e: divine cybermancy,2011,1
Dysfunctional systems: learning to manage chaos,2013,1
Dyscourse,2015,1
Dynasty warriors® 8 empires,2015,1
Dynamite jack,2015,1
Dwarfs!?,2015,1
Dwarfs!?,2011,1
Dungeons of dredmor,2012,1
Dungeons & dragons online®,2013,1
Dungeon-party,2013,1
Dungeon souls,2015,1
Dungeon siege iii,2013,1
Dungeon siege iii,2012,1
Dungeon siege,2015,1
Dungeon defenders eternity,2015,1
Dungeon defenders,2011,1
Dubwars,2014,1
Drunken robot pornography,2013,1
Dropsy,2015,1
Driver® parallel lines,2013,1
Empire: total war™ - elite units of the west,2015,1
Empires mod,2015,1
F.e.a.r. 3,2015,1
Endless legend™ - guardians,2015,1
F.e.a.r. 3,2013,1
F.e.a.r. 2: project origin,2012,1
Explodemon,2014,1
Exceed 3rd - jade penetrate black package,2013,1
Evoland,2015,1
Evoland,2013,1
Evil genius,2014,1
Evil genius,2013,1
Evga precision xoc,2015,1
Eversion,2014,1
Eversion,2013,1
Eversion,2010,1
Everquest® ii free-to-play. your way.™,2015,1
Eve online,2011,1
European ship simulator,2015,1
Europa universalis iii complete,2012,1
Europa universalis iii complete,2011,1
Euro truck simulator 2 - christmas paint jobs pack,2014,1
Euro truck simulator,2013,1
Euro fishing,2015,1
Eufloria hd,2014,1
Escape goat,2013,1
Escape dead island,2014,1
Eryi's action,2015,1
Eryi's action,2013,1
English country tune,2014,1
English country tune,2012,1
Enforcer: police crime action,2015,1
Endless space® - collection,2015,1
Cosmic rocket defender,2015,1
Corporate lifestyle simulator,2014,1
Controller companion,2015,1
Battle of empires : 1914-1918 -  british empire,2015,1
Battle for blood - epic battles within 30 seconds!,2015,1
Battle chess: game of kings™,2014,1
Batman: arkham asylum game of the year edition,2012,1
Bardbarian,2015,1
Ballpoint universe - infinite,2014,1
Ballpoint universe - infinite,2013,1
Ballistic overkill,2015,1
Baldur's gate: enhanced edition,2015,1
Baldur's gate: enhanced edition,2014,1
Baldur's gate: enhanced edition,2013,1
Back to the future: the game,2015,1
Back to the future: the game,2013,1
Back to the future: the game,2012,1
Axyos,2015,1
Axis game factory's agfpro zombie fps player dlc,2015,1
Axis game factory's agfpro v3,2015,1
Axis game factory's agfpro battlemat multi-player dlc,2015,1
Axis game factory's agfpro - voxel sculpt dlc,2015,1
Axiom verge,2015,1
Awesomenauts - wraithlord scoop announcer,2015,1
Audiosurf 2,2015,1
Atom zombie smasher,2012,1
Asteria,2015,1
Assassin’s creed® liberation hd,2014,1
Assassin’s creed® iv black flag™,2015,1
Assassin’s creed® chronicles: china,2015,1
Assassin’s creed® brotherhood,2011,1
Assassin's creed™: director's cut edition,2015,1
Assassin's creed freedom cry,2014,1
Battle islands,2015,1
Battle of empires : 1914-1918 - russian empire,2015,1
Arma: gold edition,2015,1
Battlepaths,2014,1
Bleed,2015,1
Blade symphony,2013,1
Blackguards: untold legends,2015,1
Blackguards,2015,1
Bitardia,2015,1
Bit.trip beat,2013,1
Bird assassin,2014,1
Bioshock™,2011,1
Bioshock® 2,2013,1
Bioshock® 2,2012,1
Bioshock infinite: clash in the clouds,2015,1
Bioshock infinite: burial at sea - episode one,2015,1
Bioshock infinite - season pass,2015,1
Bios,2015,1
Binding of isaac: wrath of the lamb,2015,1
Binding of isaac: wrath of the lamb,2013,1
Binary domain,2014,1
Binary domain,2013,1
Big fish legend,2015,1
Beyond gravity,2015,1
Beyond good and evil™,2014,1
Beyond good and evil™,2013,1
Betrayer,2013,1
Beep,2015,1
Beatbuddy: tale of the guardians,2014,1
Beat hazard,2012,1
Bearzerkers,2015,1
Battlestations pacific,2015,1
Battlestations pacific,2014,1
Armed with wings: rearmed,2015,1
Arma ii: dayz mod,2015,1
Contraption maker,2014,1
Airships: conquer the skies,2015,1
Agfpprov3 premium,2015,1
Age of empires ii hd: the african kingdoms,2015,1
Agarest: generations of war zero,2015,1
Agarest: generations of war,2015,1
Aerofly fs 1 flight simulator,2014,1
Aeon command,2015,1
Aeon command,2014,1
Adventure time: finn and jake's epic quest,2014,1
Actual sunlight,2014,1
Ace academy,2015,1
Aaaaaa!!! - a reckless disregard for gravity,2015,1
Aaaaaa!!! - a reckless disregard for gravity,2011,1
A.r.e.s.: extinction agenda,2014,1
A.r.e.s.: extinction agenda,2011,1
A wizard's lizard,2015,1
A study in steampunk: choice by gaslight,2015,1
9.03m,2015,1
9.03m,2014,1
8bitboy™,2015,1
60 seconds!,2015,1
3089 -- futuristic action rpg,2015,1
3089 -- futuristic action rpg,2014,1
200% mixed juice!,2015,1
140,2015,1
12 labours of hercules ii: the cretan bull,2015,1
12 labours of hercules,2015,1
1001 spikes,2014,1
"10,000,000",2015,1
"10,000,000",2014,1
Ai war: fleet command,2015,1
Akaneiro: demon hunters,2013,1
Arma 3 zeus,2015,1
Alan wake,2015,1
Arcania,2010,1
Arcadecraft,2015,1
Apox,2011,1
Another world – 20th anniversary edition,2014,1
Anomaly 2,2014,1
Anna's quest,2015,1
Angry video game nerd adventures,2013,1
Angry birds space,2014,1
And yet it moves,2015,1
Analogue: a hate story,2015,1
Analogue: a hate story,2013,1
Analogue: a hate story,2012,1
Amygdala,2015,1
Amnesia™: memories,2015,1
Amnesia: the dark descent,2011,1
Amnesia: the dark descent,2010,1
Amnesia: a machine for pigs,2015,1
Amazing world™,2015,1
Altitude,2015,1
Alphadia genesis,2015,1
Alpha protocol™,2013,1
Alpha prime,2015,1
All zombies must die!: scorepocalypse,2015,1
Aliens versus predator classic 2000,2015,1
Aliens versus predator classic 2000,2013,1
Alien rage - unlimited,2014,1
Alien breed: impact,2013,1
Albedo: eyes from outer space,2015,1
Alan wake's american nightmare,2013,1
Block n load - 560 platinum bar pack,2015,1
Blockland,2013,1
Blood bowl 2,2015,1
Cities xl platinum,2014,1
Circuits,2014,1
Cinders,2015,1
Chuck's challenge 3d,2014,1
Chronology,2015,1
Chroma squad,2015,1
Choice of robots,2014,1
Chime,2014,1
Chime,2010,1
Chicken invaders 5,2015,1
Cherry tree high comedy club,2014,1
Chaser,2015,1
Chaser,2014,1
Chariot,2014,1
Chaos reborn,2014,1
Chaos on deponia,2014,1
Champions online,2014,1
Champions online,2011,1
Champions of regnum,2013,1
Chains,2013,1
Celestian tales: old north,2015,1
Catzilla 4k - advanced,2014,1
Catacomb kids,2015,1
Castlevania: lords of shadow – ultimate edition,2013,1
Castlevania: lords of shadow 2,2015,1
Castlevania: lords of shadow 2,2014,1
Castlestorm,2014,1
Castle story,2013,1
Castle of illusion,2014,1
Castle in the darkness,2015,1
Cities in motion 2,2013,1
Cities xl platinum,2015,1
Blood bowl: chaos edition,2014,1
Civilization iv: beyond the sword,2013,1
Continue?9876543210,2014,1
Continent of the ninth seal,2014,1
Consortium,2014,1
Conflict desert storm™,2015,1
Community college hero: trial by fire,2015,1
Commandos: behind enemy lines,2015,1
Commando jack,2015,1
Commander keen,2015,1
Commander keen,2013,1
Commander keen,2011,1
Command & conquer: red alert 3 - uprising,2015,1
Command & conquer: red alert 3 - uprising,2013,1
Command & conquer: red alert 3,2014,1
Command & conquer: red alert 3,2012,1
Command & conquer 3: tiberium wars,2015,1
Command & conquer 3: tiberium wars,2014,1
Command & conquer 3: tiberium wars,2012,1
Command & conquer 3: kane's wrath,2014,1
Command & conquer 3: kane's wrath,2012,1
Comedy quest,2015,1
Coma: mortuary,2014,1
Coh 2 - us forces commander: rifle company,2015,1
Coh 2 - soviet commander: soviet industry tactics,2015,1
Cloudberry kingdom™,2014,1
Closure,2013,1
Closure,2012,1
Cloning clyde,2015,1
Clickteam fusion 2.5,2014,1
Clannad,2015,1
Castle,2015,1
Castaway paradise - town building sim,2015,1
Carrier command: gaea mission,2014,1
Cargo! the quest for gravity,2014,1
Bridge constructor,2015,1
Brick-force,2014,1
Breath of death vii,2011,1
Breach & clear: deadline rebirth (2016),2015,1
Breach & clear,2015,1
Braid,2015,1
Braid,2014,1
Braid,2012,1
Botanicula,2014,1
Boston lockdown campaign book pdf,2015,1
Bossconstructor,2015,1
Boring man: premium!,2015,1
Borealis,2015,1
Borderlands: the zombie island of dr. ned,2012,1
Borderlands 2: tiny tina's assault on dragon keep,2015,1
Borderlands 2: mr. torgue’s campaign of carnage,2015,1
Borderlands 2: headhunter 2: wattle gobbler,2014,1
Borderlands 2: creature slaughterdome,2015,1
Borderlands 2: assassin supremacy pack,2014,1
Borderlands 2 season pass,2015,1
Boo bunny plague,2014,1
Blue estate the game,2015,1
Bloody trapland,2013,1
Bloody good time,2012,1
Bloodsports.tv,2015,1
Bloodrayne betrayal,2015,1
Bloodlust shadowhunter,2015,1
Bloodline champions,2015,1
Blood: one unit whole blood,2015,1
Bridge project,2014,1
Brink,2012,1
Broken sword 5 - the serpent's curse,2013,1
Call of duty: world at war,2012,1
Cargo commander,2013,1
Cards and castles,2015,1
Capsized,2013,1
Canabalt,2015,1
Call of duty®: modern warfare® 2,2011,1
Call of duty®: black ops ii - kawaii personalization pack,2014,1
Call of duty®: black ops ii - aqua personalization pack,2015,1
Call of duty®: black ops ii - apocalypse,2014,1
Call of duty®: black ops - rezurrection content pack,2015,1
Call of duty®: black ops - rezurrection content pack,2014,1
Call of duty® 2,2014,1
Call of duty®,2014,1
Call of duty®,2012,1
Call of duty: united offensive,2015,1
Broken sword: director's cut,2014,1
Call of duty: united offensive,2013,1
Call of duty: black ops - mac edition,2015,1
Call of duty: black ops - mac edition,2014,1
Call of duty: black ops - mac edition,2013,1
Bus driver,2015,1
Burnout paradise: the ultimate box,2012,1
Burnout paradise: the ultimate box,2011,1
Burn zombie burn!,2011,1
Bunch of heroes,2015,1
Brutal legend,2015,1
Brothers in arms: hell's highway™,2015,1
Brothers in arms: hell's highway™,2014,1
Brothers in arms: hell's highway™,2012,1
Galagan's island: reprymian rising,2015,1
Galcon fusion,2015,1
Game of thrones,2013,1
Outlast: whistleblower dlc,2015,1
Out of reach,2015,1
Otttd,2015,1
Otttd,2014,1
Osmos,2014,1
Osmos,2010,1
Orcs must die! 2 - family ties booster pack,2015,1
Orcs must die!,2014,1
Orcs must die!,2013,1
Orcs must die!,2012,1
Orcs must die!,2011,1
Orbital gear,2014,1
Orbit hd,2015,1
Operation flashpoint: dragon rising,2014,1
Operation flashpoint: dragon rising,2011,1
One way heroics,2015,1
One piece pirate warriors 3,2015,1
One more dungeon,2015,1
One manga day,2015,1
Omsi 2: steam edition,2014,1
Omegalodon,2014,1
Omegalodon,2013,1
Olliolli2: welcome to olliwood,2015,1
Oil rush tower defense map pack,2015,1
Off-road drive,2014,1
Of orcs and men,2013,1
Of guards and thieves,2015,1
Odysseus: long way home,2015,1
Oddworld: stranger's wrath hd,2014,1
Oddworld: abe's oddysee®,2013,1
Outland,2014,1
Over 9000 zombies!,2014,1
Oddworld: abe's oddysee®,2011,1
Overlord™,2013,1
Pewdiepie: legend of the brofist,2015,1
Penumbra: black plague gold edition,2015,1
Penumbra: black plague gold edition,2014,1
Penumbra: black plague gold edition,2012,1
Penumbra overture,2015,1
Penumbra overture,2014,1
Penumbra overture,2013,1
Peggle extreme,2015,1
Peggle extreme,2012,1
Peggle extreme,2011,1
Peggle deluxe,2014,1
Payday™ the heist: wolfpack dlc,2015,1
Payday™ the heist: wolfpack dlc,2014,1
Payday: the heist soundtrack,2015,1
Passing pineview forest,2015,1
Party of sin,2012,1
Particula,2015,1
Paranautical activity: deluxe atonement edition,2014,1
Paranautical activity: deluxe atonement edition,2013,1
Paper sorcerer,2014,1
Panzer corps,2015,1
Pandora: first contact,2015,1
Pajama sam: no need to hide when it's dark outside,2015,1
Pajama sam: no need to hide when it's dark outside,2014,1
Pajama sam 2: thunder and lightning aren't so frightening,2014,1
Painkiller redemption,2013,1
Painkiller hell & damnation,2014,1
Pac-man museum™,2015,1
Pac-man championship edition dx+: pac is back skin,2015,1
Oddworld: abe's oddysee®,2012,1
Oddworld: abe's exoddus®,2015,1
Might & magic® heroes® vii,2015,1
Nation red,2015,1
Napoleon: total war™,2012,1
Nancy drew®: the white wolf of icicle creek,2014,1
Naissancee,2014,1
My riding stables: life with horses,2015,1
My riding stables: life with horses,2014,1
My paper boat,2015,1
My lands: black gem hunting,2015,1
My lands: black gem hunting,2014,1
Mxgp - the official motocross videogame,2015,1
Mx vs. atv reflex,2015,1
Mushihimesama,2015,1
Ms. splosion man,2014,1
Mount & blade: with fire & sword,2015,1
Mount & blade: with fire & sword,2012,1
Mount & blade: with fire & sword,2011,1
Mount & blade: warband - viking conquest reforged edition,2015,1
Mount & blade: warband,2010,1
Mount & blade,2015,1
Mount & blade,2014,1
Mount & blade,2013,1
Mount & blade,2012,1
Mount & blade,2011,1
Motogp™13,2015,1
Mordheim: city of the damned,2014,1
Montague's mount,2015,1
Monster loves you!,2015,1
Mirror's edge™,2010,1
Minerva,2014,1
Minerva,2013,1
Naruto shippuden: ultimate ninja storm revolution - dlc10 reanimation-before death pack,2014,1
Natural selection 2,2012,1
Oddworld: abe's exoddus®,2014,1
Naval war: arctic circle,2014,1
Oddworld: abe's exoddus®,2011,1
Obulis,2014,1
Obscure ii (obscure: the aftermath),2014,1
Obscure,2015,1
Obscure,2014,1
O3dx,2015,1
Nyxquest: kindred spirits,2011,1
Numen: contest of heroes,2014,1
Nuclear dawn,2013,1
Nuclear dawn,2011,1
Notrium,2015,1
Not the robots,2014,1
Nosferatu: the wrath of malachi,2015,1
Nomad,2015,1
Noir syndrome,2014,1
Nihilumbra,2014,1
Nightsky,2014,1
Nightmares from the deep: the cursed heart,2014,1
Nexus - the jupiter incident,2013,1
Nexuiz,2013,1
Neo scavenger,2015,1
Neighbours from hell compilation,2014,1
Need for speed: shift,2015,1
Need for speed: hot pursuit,2013,1
Need for speed: hot pursuit,2012,1
Need for speed undercover,2013,1
Necrovision,2014,1
Necrovision,2013,1
Naval warfare,2013,1
Phantasmal: survival horror roguelike,2015,1
Pinball arcade,2015,1
"Pirates, vikings, and knights ii",2012,1
Revenge of the titans,2011,1
Return to castle wolfenstein,2015,1
Retro/grade,2014,1
Retro city rampage™ dx,2012,1
Resident evil™ 5/ biohazard 5®,2014,1
Resident evil™ 5/ biohazard 5®,2013,1
Resident evil: operation raccoon city,2014,1
Resident evil 4 / biohazard 4,2015,1
Rer2 episode three: judgment,2015,1
Republique,2015,1
Reprisal universe,2015,1
Renowned explorers: international society,2015,1
Renegade ops,2014,1
Renegade ops,2012,1
Reignmaker,2014,1
Regency solitaire,2015,1
Reflex arena,2014,1
Red orchestra: ostfront 41-45,2013,1
Red orchestra: ostfront 41-45,2012,1
Red faction®: armageddon™,2012,1
Red faction guerrilla steam edition,2012,1
Red faction,2013,1
Recettear: an item shop's tale,2013,1
Recettear: an item shop's tale,2010,1
Receiver,2013,1
Rebuild 3: gangs of deadsville,2015,1
Rebuild 3: gangs of deadsville,2014,1
Rebel galaxy,2015,1
Really big sky,2015,1
Really big sky,2014,1
Reveal the deep,2015,1
Revenge of the titans,2015,1
"Pirates, vikings, and knights ii",2013,1
Rexaura,2015,1
Rugby union team manager 2015,2014,1
Roogoo,2014,1
Ronin,2015,1
Rome: total war™ - collection,2012,1
Rome: total war™ - collection,2011,1
Rollercoaster tycoon®: deluxe,2015,1
Rollercoaster tycoon®: deluxe,2014,1
Rollercoaster tycoon® 3: platinum,2014,1
Rollercoaster tycoon® 2: triple thrill pack,2014,1
Rogue shooter: the fps roguelike,2014,1
Rocketsrocketsrockets,2015,1
Rocketbirds: hardboiled chicken,2015,1
Rocket league® - supersonic fury dlc pack,2015,1
Rocket league® - revenge of the battle-cars dlc pack,2015,1
Rock of ages,2015,1
Rock of ages,2013,1
Road not taken,2014,1
Riven: the sequel to myst,2014,1
Rising angels: reborn,2014,1
Risen 3 - titan lords,2015,1
Risen 2: dark waters,2014,1
Risen 2: dark waters,2012,1
Riff racer - race your music!,2015,1
Ridge racer™ unbounded,2014,1
Ridge racer™ unbounded,2013,1
Ricochet,2015,1
Ricochet,2013,1
Ricochet,2012,1
Richard & alice,2014,1
Real horror stories ultimate edition,2015,1
Real boxing™,2015,1
Rayman® origins,2013,1
Rayman® origins,2012,1
Professional farmer 2014,2014,1
Probably archery,2014,1
Princess evangile all ages version,2015,1
Prince of persia®: the sands of time,2011,1
Pregnancy,2015,1
"Precipice of darkness, episode two",2012,1
"Precipice of darkness, episode one",2013,1
Poöf,2014,1
Pox nora,2014,1
Potatoman seeks the troof,2015,1
Potatoman seeks the troof,2014,1
Postal iii,2014,1
Postal,2014,1
Post apocalyptic mayhem,2015,1
Post apocalyptic mayhem,2013,1
Post apocalyptic mayhem,2012,1
Port royale 3,2012,1
Pool nation,2013,1
Pongo,2015,1
Poly bridge,2015,1
Poi,2015,1
Plants vs. zombies goty edition,2014,1
Plant tycoon,2014,1
Planetbase,2015,1
Planetary annihilation - digital deluxe add-on,2015,1
Pixeljunk™ eden,2014,1
Pixel survivors,2015,1
Pixel puzzles: japan,2015,1
Pixel galaxy,2015,1
Project cars - racing icons car pack,2015,1
Project explore,2015,1
Project nimbus,2014,1
Puzzle pirates,2015,1
Raiden legacy - steam edition,2015,1
Ragnarok online 2,2015,1
Ragnarok online,2014,1
Radiant defense,2014,1
Rabbit hole 3d: steam edition,2014,1
Quiplash,2015,1
Quintet,2015,1
Quantum rush champions,2014,1
Quantum conundrum,2014,1
Quake iii arena,2015,1
Quake iii arena,2011,1
Quake,2015,1
Quake,2014,1
Puzzle pirates,2012,1
Proteus,2015,1
Puzzle pirates,2011,1
Puzzle agent 2,2015,1
Puzzle agent 2,2014,1
Putt-putt® joins the parade,2015,1
Putt-putt® goes to the moon,2015,1
Puddle,2014,1
Psychonauts,2012,1
Psychonauts,2011,1
Prototype™,2015,1
Prototype™,2013,1
Prototype™,2012,1
Prototype™,2010,1
Prototype 2,2014,1
Millie,2015,1
Might & magic x - legacy,2014,1
Gaokao.love.100days,2015,1
Ibomber defense,2013,1
Hydrophobia: prophecy,2015,1
Hunted: the demon’s forge™,2015,1
How to survive,2013,1
"House of 1,000 doors: family secrets collector's edition",2015,1
"House of 1,000 doors: family secrets collector's edition",2014,1
Hotline miami,2012,1
Hospital tycoon,2015,1
Homefront,2015,1
Homefront,2013,1
Home,2015,1
Home,2014,1
Home,2013,1
Hocus pocus,2015,1
Hitman: blood money,2012,1
Hitman: blood money,2011,1
Hitman: absolution™,2012,1
Hitman 2: silent assassin,2015,1
Hitman 2: silent assassin,2014,1
Hitman 2: silent assassin,2013,1
Hit,2015,1
Higurashi when they cry hou - ch.1 onikakushi,2015,1
Hexcells plus,2015,1
Hexcells plus,2014,1
Hexcells infinite,2015,1
Hexcells infinite,2014,1
Hexcells,2014,1
Heroes rise: the prodigy,2015,1
Heroes of might & magic v,2015,1
Hero siege - amazon (class),2015,1
Ibb & obb,2014,1
Ibomber defense pacific,2013,1
Hero academy,2014,1
Ichi,2015,1
Jagged alliance - back in action,2013,1
Jack lumber,2015,1
Jack lumber,2013,1
Jack keane,2014,1
Ittle dew,2015,1
Ittle dew,2014,1
"It came from space, and ate our brains",2015,1
Iron sky: invasion,2014,1
Iron front: digital war edition,2013,1
Ionball 2: ionstorm,2015,1
Inversion™,2013,1
Intrusion 2,2013,1
Interstellar rift,2015,1
Intake,2015,1
Insurgency: modern infantry combat,2013,1
Insaniquarium deluxe,2012,1
Inmomentum,2015,1
Ink,2015,1
Infested planet,2015,1
Infested planet,2014,1
Infested planet,2013,1
Industry giant 2,2015,1
Indie game: the movie,2013,1
Indie game: the movie,2012,1
Impossible creatures steam edition,2015,1
Immune - true survival,2015,1
Immortal defense,2015,1
Il-2 sturmovik: 1946,2012,1
Idle civilization,2015,1
Hero of the kingdom ii,2015,1
Hero academy,2012,1
Middle-earth: shadow of mordor - the dark ranger character skin,2015,1
Grim dawn,2014,1
Grey cubes,2015,1
Greed corp,2011,1
Gratuitous space battles,2013,1
Gratuitous space battles,2012,1
Gratuitous space battles,2011,1
Grandia® ii anniversary edition,2015,1
Grand theft auto: vice city,2013,1
Grand theft auto: episodes from liberty city,2015,1
Grand theft auto: episodes from liberty city,2013,1
Grand theft auto: episodes from liberty city,2011,1
Grand theft auto iii,2014,1
Grand theft auto iii,2013,1
Grand ages: rome,2014,1
Gomo,2014,1
Golden rush,2015,1
Gods vs humans,2014,1
God mode,2015,1
God factory: wingmen,2015,1
Gnomoria,2015,1
Gish,2013,1
Gimbal,2015,1
Gimbal,2013,1
Get rich or die gaming,2015,1
Genesis online,2015,1
Gemini rue,2015,1
Gemcraft - chasing shadows,2015,1
Gasp,2015,1
Gas guzzlers extreme,2014,1
Gardens inc. – from rakes to riches,2014,1
Grim dawn,2013,1
Grim fandango remastered,2015,1
Helldivers™,2015,1
Gtgd s1: more than a gamer,2015,1
Hektor,2015,1
Hearts of iron iii,2013,1
Hardland,2014,1
Hard west,2015,1
Hard truck apocalypse / ex machina,2015,1
Hard reset extended edition,2012,1
Hard reset extended edition,2011,1
Handsome jack doppelganger pack,2015,1
Hamilton's great adventure,2013,1
Halo: spartan strike,2015,1
Half-life: source,2015,1
Half-life: opposing force,2015,1
Half-life: opposing force,2014,1
Half-life: opposing force,2013,1
Half-life: before,2015,1
Half-life deathmatch: source,2013,1
Half-life 2: episode two,2013,1
Half-life 2: episode one,2012,1
Half-life 2: episode one,2011,1
Hacker evolution,2015,1
Hacker evolution,2014,1
Hack 'n' slash,2014,1
Gunman clive,2015,1
Gunjitsu,2015,1
Guncraft,2013,1
Gumboy tournament,2012,1
Guild of dungeoneering,2015,1
Guardians of middle-earth,2014,1
Guacamelee! gold edition,2015,1
Jagged alliance flashback,2014,1
Jamestown,2011,1
Jamestown,2013,1
Marvel puzzle quest,2013,1
Mars: war logs,2013,1
Marlow briggs and the mask of death,2014,1
Marauder,2014,1
Manhunt,2014,1
Manga maker comipo,2015,1
Making history ii: the war of the world,2015,1
Majesty gold hd,2015,1
Majesty 2 collection,2013,1
Majesty 2,2013,1
Majestic nights,2015,1
Maia,2014,1
Magicmaker,2015,1
Magicka: wizards of the square tablet,2015,1
0rbitalis,2014,1
Magic: the gathering - duels of the planeswalkers 2013,2013,1
Magic: the gathering - duels of the planeswalkers 2013,2012,1
Magic 2015 - duels of the planeswalkers,2015,1
Magic 2014 — duels of the planeswalkers,2015,1
Mafia ii,2012,1
Mad games tycoon,2015,1
Machinarium,2014,1
Machinarium,2010,1
Macguffin's curse,2015,1
Mabinogi,2014,1
Lugaru hd,2015,1
Lugaru hd,2011,1
Lovely planet ost,2014,1
Love,2015,1
Lost saga na,2015,1
Mars: war logs,2014,1
Mass effect,2011,1
Jamestown,2015,1
Massive chalice,2015,1
Middle-earth: shadow of mordor - goty edition upgrade,2014,1
Miasmata,2013,1
Metro: last light redux,2014,1
Metal war online: retribution,2015,1
Metal drift,2013,1
Meridian: new world,2014,1
Mercenary kings,2014,1
Mercenary kings,2013,1
Men of war™,2014,1
Men of war™,2012,1
Men of war™,2011,1
Men of war: assault squad 2,2014,1
Men of war: assault squad,2015,1
Men of war: assault squad,2012,1
Memories of a vagabond,2014,1
Meltdown,2015,1
Meltdown,2014,1
Megabyte punch,2014,1
Medieval ii: total war™,2011,1
Medal of honor™,2015,1
Medal of honor: airborne,2015,1
Mdk 2,2013,1
Mcpixel,2015,1
Max: the curse of brotherhood,2014,1
Max payne,2015,1
Max payne,2014,1
Max payne,2013,1
Max gentlemen,2015,1
Master levels for doom ii,2014,1
Loren the amazon princess,2014,1
Lords of xulima,2015,1
Lords of the fallen™,2015,1
Lords of the fallen™,2014,1
La-mulana,2015,1
Kung fu strike: the warrior's rise - master level,2014,1
Kung fu strike - the warrior's rise,2015,1
Kung fu strike - the warrior's rise,2014,1
Krater,2013,1
Korwin the game,2015,1
Knock-knock,2013,1
Knights of honor,2015,1
Knights of honor,2014,1
King’s bounty: legions,2013,1
Kings of kung fu,2014,1
Kingdoms of amalur: reckoning™,2013,1
Kingdoms,2015,1
King's bounty: warriors of the north,2015,1
King's bounty: the legend,2010,1
King's bounty: armored princess,2015,1
Killer is dead - nightmare edition,2015,1
Killer is dead - nightmare edition,2014,1
Kane & lynch 2: dog days,2015,1
Kane & lynch 2: dog days,2014,1
Just cause,2015,1
Just cause,2011,1
Jumpdrive,2015,1
Journey of a roach,2014,1
Jolly rover,2011,1
Joint operations: combined arms gold,2015,1
Jets'n'guns gold,2014,1
Jet set radio,2014,1
Jane's advanced strike fighters,2015,1
Labyronia rpg,2015,1
Labyronia rpg 2,2015,1
Lamia must die,2015,1
Lifeless planet premier edition,2014,1
Loop: a tranquil puzzle game,2015,1
Loom™,2012,1
Long live the queen,2015,1
Lone survivor: the director's cut,2015,1
Lone survivor: the director's cut,2013,1
Logicbots,2014,1
Locoland,2015,1
Little inferno,2012,1
Litil divil,2015,1
Litecam game: 100 fps game capture,2015,1
Litecam game: 100 fps game capture,2014,1
Limbo,2012,1
Lili: child of geos - complete edition,2014,1
Life goes on: done to death,2014,1
Lara croft and the temple of osiris™,2014,1
Let's sing,2014,1
Lego® star wars™ - the complete saga,2014,1
Lego® star wars™ - the complete saga,2013,1
Lego® star wars™ - the complete saga,2011,1
Lego® jurassic world,2015,1
Lego® batman 2 dc super heroes™,2015,1
Lego® batman 2 dc super heroes™,2012,1
Lego the lord of the rings,2013,1
Lego batman,2015,1
Legend of grimrock 2,2015,1
Legend of grimrock 2,2014,1
Left 4 dead 2,2010,1
Larva mortus,2014,1
Астролорды: облако оорта,2015,1
